#name,created,deleted,hash,author
accesscontrol,2022-01-26T17:44:20Z,2022-05-16T10:45:41Z,5d66194ec5d8a7c174a075b6023dcbf58d17b861,Ryan McKinley
dashboardPreviews,2022-01-26T17:44:20Z,2023-04-13T17:42:24Z,5d66194ec5d8a7c174a075b6023dcbf58d17b861,Ryan McKinley
database_metrics,2022-01-26T17:44:20Z,2023-04-28T13:19:06Z,5d66194ec5d8a7c174a075b6023dcbf58d17b861,Ryan McKinley
disable_http_request_histogram,2022-01-26T17:44:20Z,2022-06-01T12:33:59Z,5d66194ec5d8a7c174a075b6023dcbf58d17b861,Ryan McKinley
envelopeEncryption,2022-01-26T17:44:20Z,2022-05-24T08:34:47Z,5d66194ec5d8a7c174a075b6023dcbf58d17b861,Ryan McKinley
fullRangeLogsVolume,2022-01-26T17:44:20Z,2022-02-15T08:05:03Z,5d66194ec5d8a7c174a075b6023dcbf58d17b861,Ryan McKinley
httpclientprovider_azure_auth,2022-01-26T17:44:20Z,2022-05-30T15:43:32Z,5d66194ec5d8a7c174a075b6023dcbf58d17b861,Ryan McKinley
live-config,2022-01-26T17:44:20Z,2023-02-03T21:21:48Z,5d66194ec5d8a7c174a075b6023dcbf58d17b861,Ryan McKinley
live-pipeline,2022-01-26T17:44:20Z,2023-03-22T18:09:44Z,5d66194ec5d8a7c174a075b6023dcbf58d17b861,Ryan McKinley
live-service-web-worker,2022-01-26T17:44:20Z,2025-04-07T14:47:35Z,5d66194ec5d8a7c174a075b6023dcbf58d17b861,Ryan McKinley
newNavigation,2022-01-26T17:44:20Z,2022-06-16T09:48:38Z,5d66194ec5d8a7c174a075b6023dcbf58d17b861,Ryan McKinley
prometheus_azure_auth,2022-01-26T17:44:20Z,2022-08-11T14:12:57Z,5d66194ec5d8a7c174a075b6023dcbf58d17b861,Ryan McKinley
queryOverLive,2022-01-26T17:44:20Z,2025-04-07T14:47:35Z,5d66194ec5d8a7c174a075b6023dcbf58d17b861,Ryan McKinley
service-accounts,2022-01-26T17:44:20Z,2022-04-21T09:41:37Z,5d66194ec5d8a7c174a075b6023dcbf58d17b861,Ryan McKinley
showFeatureFlagsInUI,2022-01-26T17:44:20Z,2023-02-09T00:01:34Z,5d66194ec5d8a7c174a075b6023dcbf58d17b861,Ryan McKinley
tempoBackendSearch,2022-01-26T17:44:20Z,2022-06-01T17:32:10Z,5d66194ec5d8a7c174a075b6023dcbf58d17b861,Ryan McKinley
tempoSearch,2022-01-26T17:44:20Z,2022-06-01T17:32:10Z,5d66194ec5d8a7c174a075b6023dcbf58d17b861,Ryan McKinley
tempoServiceGraph,2022-01-26T17:44:20Z,2022-07-19T07:00:58Z,5d66194ec5d8a7c174a075b6023dcbf58d17b861,Ryan McKinley
trimDefaults,2022-01-26T17:44:20Z,2023-11-02T15:35:14Z,5d66194ec5d8a7c174a075b6023dcbf58d17b861,Ryan McKinley
validatedQueries,2022-01-26T17:44:20Z,2022-05-16T21:17:05Z,5d66194ec5d8a7c174a075b6023dcbf58d17b861,Ryan McKinley
featureHighlights,2022-02-03T11:53:23Z,2026-09-22T15:08:53Z,a79c048344bddff7a868b040d9a08953917480f9,Alex Khomenko
lokiBackendMode,2022-02-07T07:43:48Z,2022-06-08T06:14:34Z,560c77390550e12e8c0be507c00f27cde0aa31e5,Gábor Farkas
swaggerUi,2022-02-08T12:38:43Z,2023-03-01T14:36:37Z,35fe58de374003bb4b077a878cc47ffc0a9d27b5,Sofia Papagiannaki
influxdbBackendMigration,2022-02-09T18:26:16Z,2023-01-17T14:11:26Z,10232c78577520ce7b3fc6bba86d2e48ee5bab88,Joey Tawadrous
dashboardPreviewsScheduler,2022-02-10T18:45:00Z,2022-04-24T21:55:10Z,0276b029fc656e61763f6ae045ad7826380a43fc,Artur Wierzbicki
migrationLocking,2022-02-15T16:54:27Z,2024-03-22T19:22:29Z,d718ee191834b3084b2e8c8c6cac473bd9b97681,Sofia Papagiannaki
panelTitleSearch,2022-02-15T18:26:03Z,,d665306ad1c2abe515c7ba48350904f749eafc18,Ryan McKinley
dashboardPreviewsAdmin,2022-02-17T08:34:07Z,2023-02-03T21:45:10Z,3e53a08090ad8ac61d7d316b97a93a7a5ea63a57,Artur Wierzbicki
annotationComments,2022-02-22T07:47:42Z,2023-03-11T12:28:12Z,28c30a34adbe94d0f08acdba3c1605143dce6c6c,Alexander Emelin
dashboardComments,2022-02-22T07:47:42Z,2023-03-11T12:28:12Z,28c30a34adbe94d0f08acdba3c1605143dce6c6c,Alexander Emelin
lokiLive,2022-03-01T22:46:52Z,2023-06-19T10:03:51Z,796bc27f75d52148d5b15cc8c4901276c344df2d,Ryan McKinley
fileStoreApi,2022-03-03T06:53:26Z,2022-03-11T18:08:19Z,a8b90d9a2524765c49923c48a7fcf0025c85b733,Artur Wierzbicki
azureMonitorResourcePickerForMetrics,2022-03-14T19:07:45Z,2023-01-30T16:19:03Z,275f33cf37bb4221ef120310a87c17d2e0ff5f35,Sarah Zinger
storage,2022-03-17T17:19:23Z,2026-04-24T21:56:27Z,1cfb9a4a1916d3eac473e5ccd0cb77ce281f044f,Ryan McKinley
storageLocalUpload,2022-03-17T17:19:23Z,2022-07-18T17:44:42Z,1cfb9a4a1916d3eac473e5ccd0cb77ce281f044f,Ryan McKinley
saveDashboardDrawer,2022-03-30T17:07:41Z,2022-05-02T16:29:22Z,edf384c730a448a5e90b21bbbce49bc0e70e8197,Ryan McKinley
accesscontrol-builtins,2022-03-31T09:40:57Z,2022-05-19T07:29:36Z,0d87de153a2b8406d03efe0cf43b5a926ce7acab,Gabriel MABILLE
alertProvisioning,2022-04-01T06:32:00Z,2022-06-05T05:45:36Z,b8e277ee4c070b64ba4cf024b18c460626d1a2d3,Alexander Weaver
explore2Dashboard,2022-04-07T08:26:01Z,2022-11-07T16:06:40Z,ca286a238d1e9ce1e5357fde8148476a9d618cee,Giordano Ricci
publicDashboards,2022-04-07T18:30:19Z,2024-11-20T14:36:19Z,4a4d87dbdcaf4dca753bcf29205ac036b6c59862,Jeff Levin
persistNotifications,2022-04-20T09:42:32Z,2022-05-26T11:03:04Z,c48d8d1d488e0ce5870c54eb5828660081743108,kay delaney
serviceAccounts,2022-04-21T09:41:37Z,2022-06-27T08:22:49Z,8677552dda7b63f5d44df6fe51ca8a28726c5a5c,Eric Leijonmarck
commandPalette,2022-04-21T21:50:34Z,2023-02-02T14:44:21Z,3e7db088acd1da32ea489b0756cdf4e15ec2da69,Kristina
export,2022-04-25T23:59:18Z,2023-03-01T17:42:53Z,e0aeb83786731769e870d79c0d8a21ef2c33b073,Ryan McKinley
savedItems,2022-04-26T10:27:01Z,2022-06-27T14:41:00Z,e420252d45cd48fdcf5cc68ad84f89e36d5c936c,Ashley Harrison
tracing,2022-04-26T13:31:27Z,2023-03-21T09:35:21Z,3b4d237ade03e67a971ca8899e8e0371e1d83f2a,kay delaney
cloudWatchDynamicLabels,2022-04-29T09:43:04Z,2023-05-02T08:48:17Z,7bb4f5cd9baff81b354e4bb65fd4b6141e3488f6,Shirley
datasourceQueryMultiStatus,2022-05-03T16:02:20Z,2024-07-10T09:15:10Z,4ecd57f49c75d72927be62aba23a15dca02f8eb6,Will Browne
azureMonitorExperimentalUI,2022-05-04T13:54:09Z,2022-07-14T13:07:31Z,b2644de6c8a08181cbe0a9f545393bd42753477c,Adam Simpson
traceToMetrics,2022-05-05T20:46:18Z,2024-02-22T13:30:41Z,c1b5ea3e54169c7a4bbd58bd8be2c4c192a093c0,Connor Lindsey
prometheusStreamingJSONParser,2022-05-13T18:28:54Z,2022-11-11T16:53:12Z,87e8521591534bcfd8a7c78fbd39b226c13a99b2,Todd Treece
validateDashboardsOnSave,2022-05-22T00:44:12Z,2023-09-06T15:25:44Z,a3402641d6cac01208179126dcbd2256ad500cd8,sam boyer
disableEnvelopeEncryption,2022-05-24T08:34:47Z,2026-01-30T13:54:16Z,3e4b4dba46e5310015c7de5c3de1f3fae5332cb8,Joan López de la Franca Beltran
prometheusWideSeries,2022-05-24T20:17:11Z,2023-08-24T14:47:19Z,94b9c524a81df2085ad769229ca09cfd1923a8e9,Todd Treece
prometheusAzureOverrideAudience,2022-05-30T15:43:32Z,2023-07-16T21:30:14Z,2b83cf46186f745e356a24e4c78a1fbc24b3051e,Sergey Kostrukov
canvasPanelNesting,2022-05-31T19:03:34Z,,e18e8002c4dda17e95cb4f04977a6aefcc5984a4,Adela Almasan
cloudMonitoringExperimentalUI,2022-06-09T13:56:32Z,2022-09-15T14:12:26Z,615132002044e56074be63c5b597b9982e0a2a21,Kevin Yu
tempoApmTable,2022-06-09T16:56:15Z,2023-02-01T15:56:34Z,4ed7ff2ed13f2b5ec79f0946670c945edc902d7b,Joey Tawadrous
logRequestsInstrumentedAsUnknown,2022-06-10T08:56:55Z,2026-01-20T09:53:21Z,2d6e69226be20a7f001c7792bda8df68d90287c6,Carl Bergquist
dataConnectionsConsole,2022-06-10T10:13:31Z,2024-02-29T09:29:41Z,9a85a2e4410266270a1cd59db1937c7ba248966e,Levente Balogh
internationalization,2022-06-10T11:02:52Z,2023-06-02T08:24:40Z,9a62849dc39e960640b5762cc5eace1baf29c0ee,Josh Hunt
autoMigrateGraphPanels,2022-06-11T00:12:56Z,2023-03-23T04:02:36Z,ae8dd737704bb6232c52e19090e593d9165f5e77,Ryan McKinley
lokiDataframeApi,2022-06-13T06:33:46Z,2023-04-13T13:22:09Z,8fd9cb48548313cf43ebcf5dcfa0daad0bfdfe0c,Gábor Farkas
topnav,2022-06-20T14:25:43Z,2024-10-17T09:18:30Z,3c3293df78344a782fb65e5f977fd148daa597ce,Torkel Ödegaard
customBranding,2022-06-22T15:05:52Z,2022-10-05T12:07:35Z,405df77e3e6abcf5264ba192abe33630bd64da20,Tania
useLegacyHeatmapPanel,2022-06-23T18:48:28Z,2022-11-23T18:46:21Z,dd5a3b77472884035de13ddd441f41d0dd007e4b,Ryan McKinley
scenes,2022-07-07T06:53:02Z,2024-06-27T07:03:46Z,935334cbdabef8b0516bfe6c8ed45dd063cce7e9,Torkel Ödegaard
disableSecretsCompatibility,2022-07-12T20:27:37Z,2025-04-23T16:21:13Z,2d8a91a8461098f83aa512c867aff5af17b7893e,Guilherme Caulada
dashboardsFromStorage,2022-07-14T22:36:17Z,2023-03-20T16:36:49Z,da1701ce576ab26506d6256567b73a597043623a,Ryan McKinley
exploreMixedDatasource,2022-07-27T14:40:59Z,2022-07-27T15:17:31Z,e2258120e742b31ecde50e8de93544220a0762a3,Kristina
prometheusStreamingJSONParserTest,2022-07-28T12:26:51Z,2022-11-07T18:20:00Z,d0e548c3e53ffdbc29f35e055d52aa63cca310db,Andrej Ocenas
fullstoryUserTracking,2022-08-16T08:32:00Z,2022-08-16T10:45:14Z,961479b1115d39f3918b60c49a48841916939f03,Ivan Ortega Alba
traceqlEditor,2022-08-24T16:57:59Z,2022-12-13T13:27:45Z,c8f2148f7504b393b8f9b32fe19e7f519fa66793,Andre Pereira
athenaAsyncQueryDataSupport,2022-09-05T15:39:45Z,2024-03-20T14:14:21Z,34fe7a1119c0f649d3e9df866353438ff2177fdc,Kevin Yu
redshiftAsyncQueryDataSupport,2022-09-05T15:39:45Z,2024-03-20T14:14:21Z,34fe7a1119c0f649d3e9df866353438ff2177fdc,Kevin Yu
increaseInMemDatabaseQueryCache,2022-09-12T07:50:54Z,2023-02-06T21:01:04Z,72ae4a5aa368d18793f778683e92ae4a3ac7a1db,Carl Bergquist
correlations,2022-09-16T13:14:27Z,2025-11-13T09:21:46Z,9b4cdfe6526a290e5708a8c0760d50efda607d5c,Piotr Jamróz
grpcServer,2022-09-26T20:25:34Z,2026-04-17T18:38:52Z,55aae797441d2beadc911e390f14c04bb3f101da,Alexander Emelin
alertingBigTransactions,2022-10-06T06:22:58Z,2023-04-06T16:06:25Z,b476ae62fba9b94dd272409c521812108750bf50,Joe Blubaugh
lokiMonacoEditor,2022-10-06T14:35:30Z,2023-02-06T10:18:01Z,729ce8bb72a5db53fbeb1b5856557652bb175c7a,Matias Chomicki
objectStore,2022-10-06T19:48:53Z,2022-11-30T22:52:15Z,609abf00d1c6bd065f163e06882aa2f09dc0fcb5,Ryan McKinley
flameGraph,2022-10-07T10:39:14Z,2023-03-01T11:32:39Z,74c809f54459d235f4d3e9b1c117f291cbf16339,Joey Tawadrous
queryLibrary,2022-10-07T18:31:45Z,2023-03-20T16:00:14Z,bf264d2f76a1efb902b41791e110077d5c3a5557,Artur Wierzbicki
newPanelChromeUI,2022-10-10T15:03:16Z,2023-09-12T08:54:41Z,129a5a29e78853bb1427c8dc7473125ba2a35981,Polina Boneva
mysqlAnsiQuotes,2022-10-12T11:43:35Z,2026-01-27T16:46:06Z,80ede174dd6e343722cc708ebc4c5f21fb9e90af,ying-jeanne
showDashboardValidationWarnings,2022-10-14T13:51:05Z,2026-02-04T09:29:09Z,2e16d5499e1cf29e67db5031feda09407f69550c,Josh Hunt
interFont,2022-10-15T14:22:33Z,2022-12-01T11:59:37Z,9f5e691994c9db15f5984b196ab55fd7213b7f72,Torkel Ödegaard
accessControlOnCall,2022-10-19T16:10:09Z,2025-02-25T12:44:40Z,717bd4a6c051d1447c9e35385a4ba176dd391c65,Gabriel MABILLE
newDBLibrary,2022-10-26T01:20:41Z,2023-11-14T14:51:35Z,a3acfb1a48126119fd4913efbb572de162264e92,Ryan McKinley
nestedFolders,2022-10-26T14:15:14Z,2025-07-31T22:56:50Z,b346ae03105af606521bbefec16722d590378646,Kristin Laemmert
datasourceLogger,2022-11-02T13:51:51Z,2023-02-07T11:49:16Z,06705a49e236dc3ab3b35db51b7bad8625e4866f,Carl Bergquist
promQueryBuilder,2022-11-03T17:34:01Z,2022-12-19T13:52:06Z,857e545c5ac71722c8b2d3d27621dfb453dbb8ff,Ryan McKinley
elasticsearchBackendMigration,2022-11-10T15:35:15Z,2023-04-12T12:20:43Z,261d620f1c46eb43282cc444ffb4633b77af4283,Ivana Huckova
prometheusBufferedClient,2022-11-11T16:53:12Z,2022-12-12T17:05:55Z,1c5039085bdf9252d0aa1666675f5313589c1703,ismail simsek
accessTokenExpirationCheck,2022-11-14T15:47:46Z,2023-12-15T12:20:17Z,4915d21c25891dae2ee7a4eec4fe0dd2659d614d,Misi
cloudWatchCrossAccountQuerying,2022-11-28T11:39:12Z,,254577ba568d8010dcc96446e788866d618c96c8,Erik Sundell
authnService,2022-11-29T09:57:47Z,2023-06-07T06:57:41Z,17ec4089dc75da0e54edf60a754a0fc9291275e3,Karl Persson
secureSocksDatasourceProxy,2022-11-30T05:50:59Z,2023-04-18T17:11:23Z,6805c951e94c626401770ed468c6afb462093c0d,Stephanie Hingtgen
entityStore,2022-11-30T22:52:15Z,2023-12-06T20:21:21Z,14a080ec122f8ff3f656f44a46683f5161c15e14,Ryan McKinley
sessionRemoteCache,2022-12-07T09:55:48Z,2023-02-06T12:51:12Z,df4f0343e587695f37fa7a6de04cc884af4df284,Jo
returnUnameHeader,2022-12-07T12:14:53Z,2023-02-07T09:04:20Z,1b676d0d49460572352af4639274a4e7fe03fc9b,Carl Bergquist
datasourceOnboarding,2022-12-07T23:29:38Z,2023-05-17T12:22:40Z,955bf55c6a6a710a2fd7ebdbdac2d9a826858eaf,kay delaney
k8s,2022-12-13T15:41:16Z,2023-04-26T13:52:13Z,cf055ab4ecda9db9427ae09560aa26553433a5c0,Ryan McKinley
alertingBacktesting,2022-12-14T14:44:14Z,,ad09feed837737c188e37fc6adfead7b8a45715e,Yuri Tseretyan
disablePrometheusExemplarSampling,2022-12-19T15:00:15Z,2024-01-30T16:00:04Z,f67b8fe0dc2a2d860e71887a4d2e6e25da80bd8f,Ludovic Viaud
supportBundles,2022-12-20T10:13:37Z,2023-02-10T09:12:04Z,2c7410c87d81b8a644e738fee2bb6f34355111c6,Jo
publicDashboardsEmailSharing,2023-01-03T19:45:15Z,,f0ee3ac80ae2af695c56e709af435c155a2fb33d,owensmallwood
alertingNoNormalState,2023-01-13T23:29:29Z,2025-02-03T15:32:50Z,9d57b1c72eb817c5fe1b43ad7bc9706a264b2da0,Yuri Tseretyan
azureMultipleResourcePicker,2023-01-20T15:29:23Z,2023-01-30T16:19:03Z,b1efd911c1f7bfabe1b8231b059470c72dce4712,Andres Martinez Gotor
editPanelCSVDragAndDrop,2023-01-24T09:43:44Z,2025-11-12T14:47:44Z,4167214e3535f41c85004c6aca86fcb9ae8956dd,Zoltán Bedi
topNavCommandPalette,2023-01-24T12:41:09Z,2023-02-24T12:14:53Z,88347caf5fcc99c21c8a07367b9e846947367636,Josh Hunt
k8sDashboards,2023-01-25T19:10:16Z,2023-02-09T17:54:00Z,4965cf2edae6eae8e341e6c93c3a1aa56417efb3,Ryan McKinley
logsContextDatasourceUi,2023-01-27T14:12:01Z,2026-03-10T21:48:28Z,7c02d9bb8a864aab35c676f1a44c6c5be9eb6c09,Sven Grossmann
logsSampleInExplore,2023-01-27T16:30:25Z,2023-07-24T12:24:43Z,d5294eb8fa71ba62546d00ebce7b9376ab6f2b1a,Ivana Huckova
apiserver,2023-02-01T20:28:19Z,2023-02-09T17:54:00Z,d4f4a83574dd03a5419fa890b916d09d03cb9acd,Ryan McKinley
lokiQuerySplitting,2023-02-09T17:27:02Z,,94241f6676cf36824a180c11c2824ad41c81a470,Matias Chomicki
individualCookiePreferences,2023-02-21T10:19:07Z,2026-01-16T06:29:57Z,0caacb3333152015bf0369f54315a26ff6f60f88,Emil Tullstedt
newTraceView,2023-02-28T15:41:40Z,2023-04-21T10:31:24Z,82bcfb492867138bcc4744f88d36eb081c1b6811,Joey
drawerDataSourcePicker,2023-03-01T10:26:19Z,2023-04-14T11:01:10Z,dc1600ff14acc3deecc5de02f6584dcf20d3c8b1,Oscar Kilhed
traceqlSearch,2023-03-06T16:31:08Z,2023-07-24T15:26:10Z,fd37ff29b57520036fdc02f8a93a7d74770fd153,Andre Pereira
prometheusMetricEncyclopedia,2023-03-07T18:41:05Z,2024-12-30T21:16:04Z,9b6e531549e145d1a1a0ede870a6163c69b0bfd5,Brendan O'Handley
timeSeriesTable,2023-03-10T12:41:06Z,2023-10-13T08:00:42Z,548a5054ad8fa5c199bd01e20a02fbbe558d52fe,Domas
lokiQuerySplittingConfig,2023-03-20T15:51:36Z,2025-06-30T14:41:00Z,68551ac9ca5b92621e6ab895c759822797bbf418,Sven Grossmann
onlyExternalOrgRoleSync,2023-03-22T17:41:59Z,2023-07-25T09:51:47Z,3cd952b8bad8d23daee10fcc303a6d19c8b6d0a0,Eric Leijonmarck
autoMigrateOldPanels,2023-03-23T04:02:36Z,2025-04-04T09:31:35Z,baf5a1d1411ee7e5f297aba099e735ebeee3ab83,Ryan McKinley
clientTokenRotation,2023-03-23T13:39:04Z,2024-02-16T14:03:37Z,382b24742ab8b124af072533f74027a1a103b037,Karl Persson
disableAngular,2023-03-23T15:43:45Z,2025-04-04T09:31:35Z,58704390269c8eeedd32c571245d5ef08f0ffb82,Ryan McKinley
disableElasticsearchBackendExploreQuery,2023-03-27T13:52:27Z,2023-04-12T12:20:43Z,f3da91f53fa32a8e870124e9514a010b97359529,Ivana Huckova
emptyDashboardPage,2023-03-28T09:42:23Z,2024-01-25T14:04:29Z,221c5efedc593fb42d87c849b3d0827e325fc6cd,Polina Boneva
prometheusDataplane,2023-03-29T15:26:32Z,2024-08-26T12:53:38Z,674144c8e84cb4aca3bfc448f08b88bb516d3b77,Kyle Brandt
alertStateHistoryLokiOnly,2023-03-30T18:53:21Z,2025-04-08T13:50:27Z,b2abb6328677a90e3f3bc8b706d22734696d02e3,Alexander Weaver
alertStateHistoryLokiPrimary,2023-03-30T18:53:21Z,2025-04-08T13:50:27Z,b2abb6328677a90e3f3bc8b706d22734696d02e3,Alexander Weaver
alertStateHistoryLokiSecondary,2023-03-30T18:53:21Z,2025-04-08T13:50:27Z,b2abb6328677a90e3f3bc8b706d22734696d02e3,Alexander Weaver
unifiedRequestLog,2023-03-31T13:38:09Z,2025-12-19T08:55:47Z,be9361cb9ec2f1ad0bc0cda139c56e3cd46deb16,Emil Tullstedt
prometheusResourceBrowserCache,2023-04-03T14:07:17Z,2023-10-11T13:18:56Z,96e9e807396b600c3325f4d3580eeef0710f6050,Galen Kistler
renderAuthJWT,2023-04-03T16:53:38Z,,87a0c95164074dce6a877ea3faa3c7ac0e705ad3,Joan López de la Franca Beltran
showTraceId,2023-04-05T07:13:24Z,2023-07-20T05:59:38Z,4ded937c79a38087576b3224bf6f2ba59345571e,Gábor Farkas
pyroscopeFlameGraph,2023-04-05T12:57:24Z,2023-08-02T15:01:12Z,37eaf5019751aa76568574757830d63b764bbb1f,Andrej Ocenas
dataplaneFrontendFallback,2023-04-07T21:13:19Z,2025-11-19T16:53:24Z,af31c77331c89c6a1f8e00747c44c3f39bb737bb,Ryan McKinley
externalServiceAuth,2023-04-11T13:21:19Z,2024-02-26T10:29:09Z,5df9e64986e8c0324b4da96de5b55e533c3990ed,Gabriel MABILLE
disableElasticsearchBackendQuerying,2023-04-12T12:20:43Z,2023-04-14T09:24:35Z,303777e682758076d6a8e1df6b82f97b3b2393a7,Ivana Huckova
disableSSEDataplane,2023-04-12T16:24:34Z,,e78be44e1a38b7afb85909b807b6a2e9e5a98830,Kyle Brandt
useCachingService,2023-04-12T16:30:33Z,2024-01-17T21:53:25Z,5626461b3c358f5c5c5c690b82977c09744d09b4,Michael Mandrus
lokiMetricDataplane,2023-04-13T13:07:08Z,2024-11-26T16:32:17Z,531caec60263738ed6b31878b1ec093de635e4e2,Gábor Farkas
authenticationConfigUI,2023-04-13T14:07:43Z,2023-06-14T16:58:15Z,7476219b0c2876f60bc9c6e28b22190f239e1426,Alexander Zobnin
enableElasticsearchBackendQuerying,2023-04-14T09:24:35Z,2024-06-05T15:03:29Z,f48c858ca22b3f246d1033670f14605adb13cdf3,Ivana Huckova
advancedDataSourcePicker,2023-04-14T11:01:10Z,2024-02-06T09:20:07Z,7bc31ab04b5c87f06bdb383c7f4a6195e70d53d1,Ivan Ortega Alba
opensearchDetectVersion,2023-04-14T17:59:31Z,2023-05-16T14:22:23Z,1b0cee491a06fa135936b883406a6b11e6221322,Isabella Siu
pluginsAPIManifestKey,2023-04-18T14:12:05Z,2023-06-16T09:20:30Z,98c695c68fb3f0d276da0d98b1e78186e459db50,Andres Martinez Gotor
newTraceViewHeader,2023-04-21T10:31:24Z,2023-07-19T13:31:58Z,6522bb377e1bc4b64fe0aebd7e34ec2111859e11,Joey
enableDatagridEditing,2023-04-24T14:46:31Z,2026-03-12T12:47:21Z,efd0e9cbea4a6c4c51337f14004f2df2f876fdb1,Victor Marin
faroDatasourceSelector,2023-05-05T00:35:10Z,,e7cbe0276e3a6f41c31dd8e1ac16ccaa90b184f3,Elliot Kirk
extraThemes,2023-05-10T13:37:04Z,2025-05-20T08:18:08Z,f8cf67347f069310b8cc6a2d9ff83345a81e3247,Torkel Ödegaard
dataSourcePageHeader,2023-05-23T13:18:00Z,2023-11-06T20:21:15Z,7f84e83ffee53446b4c458c29f7c1385dac09ce3,Taewoo K
alertingNotificationsPoliciesMatchingInstances,2023-05-30T13:15:22Z,2023-11-09T17:35:03Z,2f0728ac677c26b291947354058253d2e8a50bb7,Konrad Lalik
lokiPredefinedOperations,2023-06-02T10:52:36Z,2025-06-30T14:08:36Z,06003c98c855fcb7c1c718c3f0e5f190b644656a,Ivana Huckova
pluginsFrontendSandbox,2023-06-05T08:51:36Z,2025-11-06T10:06:53Z,1ed4c0382b3812eecf9722596d8a3ac922f3543d,Esteban Beltran
refactorVariablesTimeRange,2023-06-06T13:12:09Z,2026-06-23T09:29:42Z,07dd90b5a8866273813c6b4a5e7087cea529f908,Alexa V
sqlDatasourceDatabaseSelection,2023-06-06T16:28:52Z,2025-07-31T22:56:50Z,c0a1fc2cbdc1ceab4fdcb43270fd3720efe4494a,Jev Forsberg
cloudWatchLogsMonacoEditor,2023-06-12T13:49:52Z,2024-03-18T12:56:57Z,5a831d877ac3305e7dfdb54057069b41b36b40fa,Isabella Siu
recordedQueriesMulti,2023-06-14T12:34:22Z,2025-11-10T20:31:43Z,db75f20e53e717503fe3bf27217fedc40f4a12e1,Kyle Brandt
exploreScrollableLogsContainer,2023-06-15T11:25:34Z,2024-03-12T14:53:13Z,cda10fae525d5cf784368791e1aaa1de2ce88f4b,Gareth Dawson
alertingLokiRangeToInstant,2023-06-16T17:55:49Z,2023-09-13T11:52:40Z,934ba1aaa1fa4c1b9f1dcc0d6753c67a23c4f466,Jean-Philippe Quéméner
lokiExperimentalStreaming,2023-06-19T10:03:51Z,,271cdb4baa6d5b021e013b463350f227173c4e95,Gábor Farkas
flameGraphV2,2023-06-19T14:34:06Z,2023-07-11T12:58:43Z,5ca03a82f042808efabae84b46991106c23de514,Andrej Ocenas
pluginsDynamicAngularDetectionPatterns,2023-06-26T13:33:21Z,2024-04-15T08:37:28Z,cca9d897339ae2de087bc5b7177849a730d4b38d,Giuseppe Guerra
elasticToggleableFilters,2023-06-27T08:38:20Z,2023-07-28T12:49:02Z,c1ce24c90f75daa133e2cb59288ecc14195e5194,Matias Chomicki
vizAndWidgetSplit,2023-06-27T10:22:13Z,2024-10-30T16:12:03Z,2785ed80d999b9ee1770e1209284d4fccd985401,Alexa V
nestedFolderPicker,2023-06-28T09:40:29Z,2024-06-04T09:16:12Z,f18a7f7d9696a6e80606dc49d5ac0064384f111d,Josh Hunt
frontendSandboxMonitorOnly,2023-07-05T11:48:25Z,2025-04-15T10:52:14Z,72f6793344fb3a63f5a8a86570b786b518264366,Esteban Beltran
prometheusIncrementalQueryInstrumentation,2023-07-05T19:39:49Z,2024-06-20T13:04:22Z,daf9f9cd199e0bbc110222a3f005dc05dab1681a,Galen Kistler
dashboardEmbed,2023-07-06T14:43:20Z,2024-04-19T10:48:08Z,420b19e0e4bbdb97ae707cc1360bef7f79839d02,Alex Khomenko
awsDatasourcesTempCredentials,2023-07-06T15:06:11Z,,d33508453f6f1f7aab262b54c36ef471ed3eab87,Ida Štambuk
logsExploreTableVisualisation,2023-07-12T13:52:42Z,2026-04-01T14:05:09Z,7e4e743a42052183f549f7fa88cd0cc362844ad1,Sven Grossmann
transformationsRedesign,2023-07-12T16:35:49Z,2025-11-19T16:54:05Z,5099e882276227f4b4c8e695f35156b7873d81b3,Ludovic Viaud
lokiLogsDataplane,2023-07-13T07:58:00Z,,e045860fbf449feb101d187730a46bb1cdab787a,Gábor Farkas
mlExpressions,2023-07-13T17:37:50Z,,541bfe636daa55705a130df4004aa417c99adc09,Yuri Tseretyan
disableTraceQLStreaming,2023-07-14T14:10:46Z,2023-07-26T13:33:16Z,c1709c93013a3fa5797898e81c046a2a53ae7ed4,Andre Pereira
grafanaAPIServer,2023-07-14T19:22:10Z,2024-01-23T16:27:28Z,52121b7165b6ffcdf10dd7a62fdf04043ef0c00a,Todd Treece
featureToggleAdminPage,2023-07-18T20:43:32Z,2025-08-29T14:46:39Z,600f623610b00547400e00fd0b2ee7dc4bab5849,Ibrahim
lokiFormatQuery,2023-07-21T12:03:56Z,2024-06-05T09:46:28Z,4e42f9b6198d39ffca82c3c3d32a16d54c66090b,Gareth Dawson
splitScopes,2023-07-21T14:23:01Z,2024-02-23T15:53:37Z,cfa1a2c55feea58bd7f82e4e03df2ea712ef34a7,Ieva
awsAsyncQueryCaching,2023-07-21T15:34:07Z,,56913fbd9578c4666599b2ab46423361d6c9261f,Isabella Siu
toggleLabelsInLogsUI,2023-07-24T08:22:47Z,2023-10-27T11:00:49Z,84f94cdc24c3b911ae4f8eabfe875b3e4a9c1f1b,Matias Chomicki
azureMonitorDataplane,2023-07-24T13:50:49Z,2023-11-08T15:02:46Z,ee60d8c82dbcc8496d52d673bfc000901d72f232,Kyle Brandt
gcomOnlyExternalOrgRoleSync,2023-07-25T12:27:02Z,2023-11-13T09:56:02Z,f7c6491f7317f3fbaf4f21b8beec967d76778a87,Ieva
traceQLStreaming,2023-07-26T13:33:16Z,2025-04-09T12:57:07Z,89092a1e697788428f76fead65371b7c904cd13f,Andre Pereira
prometheusConfigOverhaulAuth,2023-07-26T16:09:53Z,2025-01-02T21:19:11Z,98cb3ce3b63ee4d1b82e6b04d11f8a6a065de7b4,Brendan O'Handley
configurableSchedulerTick,2023-07-26T16:44:12Z,,c7598cc6fb492cb7cc34eec90fbd2a08d859cffd,Yuri Tseretyan
permissionsFilterRemoveSubquery,2023-08-02T07:39:25Z,2026-01-16T16:09:32Z,2c26a02b82238e0f89ca08844914cff22a84255a,Sofia Papagiannaki
influxdbSqlSupport,2023-08-02T16:27:43Z,2024-04-18T14:29:27Z,77e7ae2a1b253276ceae4ef5cda1dffc0e674b4d,ismail simsek
noBasicRole,2023-08-04T09:08:14Z,2023-10-12T11:00:26Z,64ed77ddce79009ce05f43801cc578c135f05b6b,linoman
alertingNoDataErrorExecution,2023-08-15T14:27:15Z,2025-03-14T18:51:58Z,0717ec11d6042bbc5b4cb8d908a396ecec78cdd5,Yuri Tseretyan
metricsSummary,2023-08-28T14:02:12Z,2025-03-24T09:17:32Z,59e4c257bba00968741ffc235e2dbe9d4c5b90ac,Joey
angularDeprecationUI,2023-08-29T14:05:47Z,2025-06-27T11:02:00Z,bf4d025012af42ce023b1166e95626f86e819855,Giuseppe Guerra
dashgpt,2023-08-30T20:22:05Z,2026-06-19T08:51:45Z,2f4fbf89cac96b74c2375b9ec9710a2c890dcf8f,Nathan Marrs
reportingRetries,2023-08-31T07:47:47Z,2026-02-06T13:19:08Z,f919c55bbb417f3b1023d72bbfce6617acfd1ab9,Agnès Toulet
newBrowseDashboards,2023-09-07T10:41:00Z,2023-11-22T15:22:00Z,ebe13a53f729c265c1f161be4e6f2c29ba074127,Ashley Harrison
sseGroupByDatasource,2023-09-07T20:02:07Z,,5cc737bb24f80514d35b1f02c7113e106a277dc6,Kyle Brandt
requestInstrumentationStatusSource,2023-09-11T10:13:13Z,2024-02-06T08:29:41Z,8ee43f37051e6b6a016e1c38c3d585cc0df47419,Marcus Efraimsson
wargamesTesting,2023-09-13T18:32:01Z,2025-05-09T23:02:16Z,2d8f5c1488142288d73a4db892e2108b7c7db03b,Carl Bergquist
alertingInsights,2023-09-14T12:58:04Z,2025-05-05T08:55:06Z,5d88b8a4f58abeafc11553865f99df69b760fcd3,Virginia Cepeda
dockedMegaMenu,2023-09-18T10:57:11Z,2024-02-06T13:43:11Z,0ceeb18269765b40eb5cf7bf2536894152d5e5e8,Laura Fernández
lokiRunQueriesInParallel,2023-09-19T09:34:01Z,,98aa7db64ab4c4d0f3699a9bcbde9894429daa62,Travis Patterson
pluginsAPIMetrics,2023-09-21T11:36:32Z,2025-04-14T12:15:06Z,8e8bd2760b8c05df9015900ebdf865c1629881de,Esteban Beltran
externalCorePlugins,2023-09-22T08:50:13Z,2025-07-21T12:55:30Z,61cdfba87a36bd4b8e1bb227a14c5d88fc943aff,Andres Martinez Gotor
httpSLOLevels,2023-09-22T08:52:28Z,2024-02-06T08:29:41Z,e5fbc4a4cd587e4b342afd0ab0136754cf8ebf76,Carl Bergquist
idForwarding,2023-09-25T15:21:28Z,2024-08-21T13:30:17Z,d15661c726b582212e1329f0ebe938664445e44a,Karl Persson
cloudwatchNewRegionsHandler,2023-09-25T18:19:12Z,2024-01-30T12:11:52Z,ef441f02d09730449f3f7bbdcf3b31dc00ed797a,Sarah Zinger
cloudWatchWildCardDimensionValues,2023-09-27T14:41:48Z,2024-03-15T13:49:53Z,06a35f55ac56ca5699031b2af9202ac7a26918fc,Isabella Siu
externalServiceAccounts,2023-09-28T07:26:37Z,,4563fc48afe81ff1af54b6a5bf6d65355f961155,Gabriel MABILLE
alertingModifiedExport,2023-09-28T14:07:45Z,2023-10-12T17:17:32Z,169c5262a5e7d04234119a3733b00bb787b8bf90,Sonia Aguilar
enableNativeHTTPHistogram,2023-10-03T18:23:55Z,2026-01-20T14:07:04Z,0fc403d116b9cbd0b93e497cff0ddded55f9fe60,Carl Bergquist
transformationsVariableSupport,2023-10-04T14:28:46Z,2025-02-17T12:07:11Z,40cdb3033697e8d8e43d0ee0342f0d16fac7d633,Oscar Kilhed
kubernetesPlaylists,2023-10-05T19:00:36Z,2024-08-13T08:03:28Z,664ebf771e2a1d2f94bc14d3dababb634c4ac40f,Todd Treece
grafanaAPIServerWithExperimentalAPIs,2023-10-06T18:55:22Z,,717a9dd6160e352ff7c184bfcddf2410eed9d908,Ryan McKinley
panelMonitoring,2023-10-09T05:19:08Z,2025-11-07T19:04:42Z,ef82767dabea7d19cd8efac0c36ed590d4d767f4,Victor Marin
navAdminSubsections,2023-10-10T10:50:44Z,2023-11-17T10:04:34Z,f56cc6fdc01dbf2efb802f22650cb2bef0c40179,Ashley Harrison
recoveryThreshold,2023-10-10T14:51:50Z,2025-04-24T15:58:17Z,810fbc3327841da6d21f945e75cad9daf040e625,Yuri Tseretyan
libraryPanelRBAC,2023-10-11T23:30:50Z,2025-06-27T08:09:02Z,a12cb8cbf3a9b33841b2f2cb1522be11de78c86a,kay delaney
awsDatasourcesNewFormStyling,2023-10-12T08:59:10Z,2024-07-22T12:48:17Z,2771fb940342aa152377b26b9554eb15082f90ac,Ida Štambuk
cachingOptimizeSerializationMemoryUsage,2023-10-12T16:56:49Z,2026-06-17T14:23:19Z,94ce87571ddfcede0fb7a229a65502b385d5bca3,Michael Mandrus
panelTitleSearchInV1,2023-10-13T12:04:24Z,2025-01-21T09:59:32Z,bf2f2540da7a4e4b8d80e1fa4ae3d05868cf7b69,Arati R
exploreContentOutline,2023-10-13T16:57:13Z,2024-06-24T15:45:42Z,4ec54bc2c39ba43843c693fdb2a4529b6a4703f2,Haris Rozajac
formatString,2023-10-13T18:17:12Z,2025-11-17T13:06:30Z,889576ac1d9278b1c6e3e278e8195968646a2db0,Sol
pluginsInstrumentationStatusSource,2023-10-17T08:27:45Z,2024-02-21T11:57:40Z,f5076d1868caa14ce44a70e812315541b4199d9f,Giuseppe Guerra
teamHttpHeaders,2023-10-17T10:23:54Z,2025-02-20T10:26:46Z,be5ba6813209b5b24e955e0f761032cb5826b578,Eric Leijonmarck
costManagementUi,2023-10-17T16:15:51Z,2024-01-08T14:25:11Z,de1ed216f4bbf6f341aa22b144fa66d583a63981,Adam Bannach
managedPluginsInstall,2023-10-18T13:17:03Z,2025-02-17T15:07:41Z,43add83d1a84fe0945860a9cc700df92c7e8341f,Hugo Kiyodi Oshiro
prometheusPromQAIL,2023-10-19T15:45:32Z,2025-02-21T10:33:12Z,5580d061019bee46ea2e69c94041f3da14585ceb,Brendan O'Handley
cloudWatchBatchQueries,2023-10-20T19:09:41Z,,ecbc52f51529e1f35e26895db1a10f8a1c2f4244,Isabella Siu
alertingContactPointsV2,2023-10-25T13:57:53Z,2023-11-30T12:37:14Z,e12e40fc2493160338237b0b94e72fa530a78ef4,Gilles De Mey
alertmanagerRemoteOnly,2023-10-30T16:27:08Z,2025-05-12T12:25:43Z,363830883cb1f5de30f7015df5cba419df47468e,Santiago
alertmanagerRemotePrimary,2023-10-30T16:27:08Z,,363830883cb1f5de30f7015df5cba419df47468e,Santiago
alertmanagerRemoteSecondary,2023-10-30T16:27:08Z,,363830883cb1f5de30f7015df5cba419df47468e,Santiago
annotationPermissionUpdate,2023-10-31T13:30:13Z,,c51c51458e4dd103aa0c099aa48b0d41f9375f86,Ieva
kubernetesPlaylistsAPI,2023-10-31T17:26:39Z,2023-11-08T19:14:05Z,dd773e74f120ba908cafd596a6875c2d7fa199bf,Ryan McKinley
traceToProfiles,2023-11-01T10:14:24Z,2024-01-22T14:21:14Z,c39e9a8f527b79881b95f64fd1c413b4bff42983,Joey
extractFieldsNameDeduplication,2023-11-02T15:47:42Z,2025-11-12T10:08:13Z,0eda368d32dbd7f57635cabd6b7d6870ca7b58ee,Oscar Kilhed
dashboardSceneForViewers,2023-11-02T19:02:25Z,2026-02-03T14:05:23Z,6e80a3d59b14d9af235431d6acdce95835e2a792,Dominik Prokop
panelFilterVariable,2023-11-03T12:15:54Z,2026-06-19T13:02:11Z,6bf4d0cbc6756ec8e8fb64b3a9d7b76f4c4194f5,Jacob Zelek
addFieldFromCalculationStatFunctions,2023-11-03T14:39:58Z,2025-11-17T15:58:43Z,61d63d3034d7eed4837c63e1f5cb2f6b7114758d,Victor Marin
pdfTables,2023-11-06T13:39:22Z,,95b48339f89c7d267bce7d894404d26ccd75d0e3,Agnès Toulet
newVizTooltips,2023-11-06T16:35:59Z,2024-04-03T00:32:01Z,6b4b7127544865b78f712d907e6f1719595f4232,Adela Almasan
ssoSettingsApi,2023-11-08T09:50:01Z,2025-07-03T08:53:33Z,5285e9503be5702680acb2b52a6bda0632f4603d,Misi
logsInfiniteScrolling,2023-11-09T10:54:03Z,2025-11-21T10:51:56Z,174c2ab45a2af912519153c5c3e671f04396d7d7,Matias Chomicki
flameGraphItemCollapsing,2023-11-09T14:31:07Z,2024-07-15T12:45:41Z,494a07b522df4e3ff9512b47767745a94c15f080,Andrej Ocenas
alertingDetailsViewV2,2023-11-09T17:35:03Z,2024-03-14T14:18:01Z,323ee7c38ceb18b8e71c780d797fabac7041a673,Gilles De Mey
alertingSimplifiedRouting,2023-11-10T13:14:39Z,2025-05-09T13:30:56Z,68e37c3925080cf64a5e7570eabb042f19ca2dbf,Sonia Aguilar
dashboardScene,2023-11-13T08:51:21Z,2026-04-08T08:14:56Z,4bc322ca1d6ed63d7e79eecb1ed09f3043f9aedb,Torkel Ödegaard
datatrails,2023-11-15T11:28:29Z,2024-04-09T18:15:18Z,1f1d348e1700735683dc9b80fce106b8a5bc4cee,Torkel Ödegaard
pluginsSkipHostEnvVars,2023-11-15T17:09:14Z,2025-11-13T15:31:57Z,cb0a88a02770eaee2561fd434d8339cab268f02e,Giuseppe Guerra
logRowsPopoverMenu,2023-11-16T09:48:10Z,2025-11-19T11:43:59Z,9cb303c3f701169e8651267744a4b5fe1695a066,Matias Chomicki
lokiStructuredMetadata,2023-11-16T16:06:14Z,2025-06-30T14:09:44Z,a01f8c5b42bb7937139b8d52e9723cc37e5f7ae6,Sven Grossmann
tracesEmbeddedFlameGraph,2023-11-23T13:36:53Z,2024-01-22T14:21:14Z,4f46fb412ca4e96b0b0ef3f462aead3fc146389e,Joey
regressionTransformation,2023-11-24T14:49:16Z,2025-07-01T13:59:22Z,ab982e7bd36b86c94093bddcc31008f5dc49660e,Oscar Kilhed
displayAnonymousStats,2023-11-29T16:58:41Z,2024-02-23T15:53:37Z,59bdff0280d52ca5d8918157d7697b9279b25501,Eric Leijonmarck
influxqlStreamingParser,2023-11-29T17:29:35Z,,5845f140758473ab5ffe789bec4077032fd22839,ismail simsek
kubernetesSnapshots,2023-12-05T22:31:49Z,2026-08-12T13:48:13Z,439edebcd605a1b63bf3a9b0ab5c2b83341cd5cd,Ryan McKinley
grafanaAPIServerEnsureKubectlAccess,2023-12-06T20:21:21Z,2026-08-11T09:39:57Z,c4c9bfaf2e7fa12a8e453df0f089c8b4f914a3d3,Dan Cech
unifiedStorage,2023-12-06T20:21:21Z,2024-08-21T16:28:30Z,c4c9bfaf2e7fa12a8e453df0f089c8b4f914a3d3,Dan Cech
alertStateHistoryAnnotationsFromLoki,2023-12-11T19:17:01Z,2024-01-25T17:56:09Z,4c1bf86ae11696277025296b86e8514386b4bb31,William Wernert
tableSharedCrosshair,2023-12-13T09:33:14Z,,5aff3389f4633d6970eb2b3629ac015e564c626c,Victor Marin
lokiQueryHints,2023-12-18T20:43:16Z,2025-07-02T10:08:22Z,2165c9b3f000f59c9fbda80d2bfe3bc74cd6d9dc,Sven Grossmann
canvasPanelPanZoom,2024-01-02T19:52:21Z,,2502fe4d19faa993da8fd4d21b9802d59f4b02af,Drew Slobodnjak
alertingPreviewUpgrade,2024-01-05T18:31:05Z,2024-03-14T14:36:35Z,49891d6a72537c869628a13ab75c8d616fbac590,Matthew Jacobson
enablePluginsTracingByDefault,2024-01-10T11:25:54Z,2024-04-11T16:40:47Z,b40d3e748717961ef68457442d71c1284189c577,Giuseppe Guerra
cloudRBACRoles,2024-01-10T13:19:01Z,,5b3cd9f55b292f0b693f3bb5171da7b69dac4a95,Karl Persson
alertingQueryOptimization,2024-01-10T20:52:58Z,,afa33f12b2cf50d2c7e438f498d27b0684797778,Matthew Jacobson
newFolderPicker,2024-01-15T11:43:19Z,2025-06-10T14:01:48Z,ec53487c995777b314f566f5a1054e3f8e29ec05,Ashley Harrison
kubernetesFeatureToggles,2024-01-18T05:32:44Z,2026-01-07T14:53:58Z,41e523bde7db5706f339d418c68d019039a8062e,Ryan McKinley
returnToPrevious,2024-01-18T17:12:14Z,2024-05-27T15:47:57Z,5800e40fba2accf96d81328f000e35bbb7c7acf1,Laura Fernández
jitterAlertRules,2024-01-18T18:48:11Z,2024-02-09T21:53:58Z,00a260effab802edc8f72df50bfb6447aac343f0,Alexander Weaver
jitterAlertRulesWithinGroups,2024-01-18T18:48:11Z,,00a260effab802edc8f72df50bfb6447aac343f0,Alexander Weaver
onPremToCloudMigrations,2024-01-22T16:09:08Z,2025-11-24T13:15:23Z,cf13cb9f70c2230f17450667ce59440304fb023c,Michael Mandrus
alertingSaveStatePeriodic,2024-01-23T16:03:30Z,,aa25776f813926cb4f1947d4ae5a014f4e7728ff,Jean-Philippe Quéméner
promQLScope,2024-01-29T20:22:17Z,2025-10-10T14:53:18Z,43d0664340f3e3af219d7b5c747f486a073f5ce3,Kyle Brandt
slateAutocomplete,2024-01-31T10:01:20Z,2024-02-01T13:03:11Z,39057552dc2ddfe8ee770c67a71cf55159aca741,Ashley Harrison
nodeGraphDotLayout,2024-01-31T16:26:12Z,2025-04-08T14:37:17Z,cb945aa5df3453ab2a851ef7ec8bee244e3eeac4,Andrej Ocenas
kubernetesQueryServiceRewrite,2024-01-31T18:36:51Z,2024-04-19T09:26:21Z,e013cd427cb0457177e11f19ebd30bc523b36c76,Ryan McKinley
influxdbRunQueriesInParallel,2024-02-01T10:58:24Z,,536153c3362782ae7f79e06755e8c7e0cd3b3acd,ismail simsek
groupToNestedTableTransformation,2024-02-07T14:28:26Z,2025-11-17T11:57:22Z,756cd3c28b0648f55a6c0158f5faf63b632ebe70,Kyle Cunningham
newPDFRendering,2024-02-08T12:09:34Z,2025-11-19T11:50:41Z,28e66b4ad82ecebb551374325f0be4332412341c,Agnès Toulet
autoMigrateGraphPanel,2024-02-08T22:00:48Z,2025-04-04T09:31:35Z,829672759c12b27f849c92c3a2aee4a6b0037920,Nathan Marrs
dashboardSceneSolo,2024-02-11T08:08:47Z,2026-02-03T14:05:23Z,fe6d1460b09b403fc74fd20e95f61513eede2555,Torkel Ödegaard
kubernetesAggregator,2024-02-12T20:59:35Z,,d6e6298103d5d6a4efd1c21a3d74f429b506f3a7,Todd Treece
autoMigratePiechartPanel,2024-02-14T16:06:25Z,2025-04-04T09:31:35Z,ce750e06187599da6b9c0a91ef95c7a62fe0d069,Nathan Marrs
autoMigrateStatPanel,2024-02-14T16:06:25Z,2025-04-04T09:31:35Z,ce750e06187599da6b9c0a91ef95c7a62fe0d069,Nathan Marrs
autoMigrateTablePanel,2024-02-14T16:06:25Z,2025-04-04T09:31:35Z,ce750e06187599da6b9c0a91ef95c7a62fe0d069,Nathan Marrs
autoMigrateWorldmapPanel,2024-02-14T16:06:25Z,2025-04-04T09:31:35Z,ce750e06187599da6b9c0a91ef95c7a62fe0d069,Nathan Marrs
groupByVariable,2024-02-14T17:18:04Z,,f016f95298fe490a865612864520f3622f8e804a,Dominik Prokop
alertingUpgradeDryrunOnStart,2024-02-16T16:29:54Z,2024-03-14T14:36:35Z,dfaf6d1e2e13b2bd11dc8f0cd4432bfcad819aa9,Matthew Jacobson
expressionParser,2024-02-17T00:59:11Z,2025-07-31T22:56:50Z,f23f50f58d7ab5cb1fd88b42b6c58ec09c1a159d,Ryan McKinley
sqlExpressions,2024-02-27T21:16:00Z,,70009201d44c2d0ab39cc77081808a69a6c4fd63,Scott Lepper
aiGeneratedDashboardChanges,2024-03-05T12:01:31Z,2026-07-09T08:45:47Z,a7c06d26f14b2a9fa8faa929a6c9a0c355018429,Ivan Ortega Alba
scopeFilters,2024-03-05T15:41:19Z,,b3efb4217e48656f24aacdffd5737595d7361afe,Carl Bergquist
betterPageScrolling,2024-03-06T15:06:47Z,2024-06-18T13:33:08Z,6a4e0c692ab26f4d4cb99ae615013e0b6e23f90b,Josh Hunt
emailVerificationEnforcement,2024-03-11T14:09:44Z,2024-03-22T13:30:58Z,0b55d72fb5698e1ea2cf73eaceae166cd5619daa,Karl Persson
ssoSettingsSAML,2024-03-14T11:04:45Z,2025-07-16T19:13:31Z,831ee9ee1696c0aa7a6e4ca022ddfc0ab28b86dc,linoman
publicDashboardsScene,2024-03-22T14:48:21Z,2026-04-08T08:14:56Z,8d4ca72f2a0e66c446d58d8bf13fadbc988fce11,Juan Cabanas
autoMigrateXYChartPanel,2024-03-22T15:44:37Z,2024-11-14T16:36:18Z,d7fa99e2df8269425eefb6373a665d8ec0b219d9,Leon Sorokin
usePrometheusFrontendPackage,2024-03-23T00:47:53Z,2024-04-15T21:45:23Z,d0845952117152e7707f964cc343790497220990,Brendan O'Handley
oauthRequireSubClaim,2024-03-25T13:22:24Z,,2f3a01f79fda7f6c465dd64adf5cf5c7227f9d19,Karl Persson
authAPIAccessTokenAuth,2024-04-02T15:45:15Z,2025-02-04T15:31:24Z,5340a6e548b1e5fcd3af66695ca34d7e943fd068,Jo
newDashboardWithFiltersAndGroupBy,2024-04-04T11:25:21Z,,32b6ef9d153dc7def2c17b81b02cfb1c412eb315,Dominik Prokop
prometheusCodeModeMetricNamesSearch,2024-04-04T20:38:23Z,2025-07-31T22:56:50Z,559fab9dc6a6c882e7d9621ba013c3a53347176a,Nick Richmond
cloudWatchNewLabelParsing,2024-04-05T15:57:56Z,,58f32150c262605d188874b88f44a7dece4b9388,Isabella Siu
exploreMetrics,2024-04-09T18:15:18Z,2025-04-11T20:45:14Z,66c0fd4dcc3202e11f41b302d27894dc162fb288,Darren Janeczek
accessActionSets,2024-04-12T16:19:25Z,2025-03-13T15:18:23Z,56f4664875047d6861ea3facbc94cd921e263950,Ieva
disableNumericMetricsSortingInExpressions,2024-04-16T14:52:47Z,,d3fee607e2818747ad02daf6b8c58cc801075076,Nick Richmond
queryService,2024-04-19T09:26:21Z,,5a8384a2455bbd3c0ba5ec67e5f5e3cc4a836904,Ryan McKinley
queryServiceFromUI,2024-04-19T09:26:21Z,,5a8384a2455bbd3c0ba5ec67e5f5e3cc4a836904,Ryan McKinley
queryServiceRewrite,2024-04-19T09:26:21Z,,5a8384a2455bbd3c0ba5ec67e5f5e3cc4a836904,Ryan McKinley
grafanaManagedRecordingRules,2024-04-22T17:53:16Z,2025-05-19T10:15:49Z,c32953e52cf9fd46a462711bc23fde15a5c3b6bf,Alexander Weaver
logsExploreTableDefaultVisualization,2024-05-02T15:28:15Z,2026-01-12T14:46:47Z,840aeddbd1957117d9b62074c155e87bb4afd4b4,Galen Kistler
autofixDSUID,2024-05-03T11:32:07Z,2024-06-20T10:56:39Z,b6f899d953a0924760dc5fd5a3d40669c86d475d,Andres Martinez Gotor
newDashboardSharingComponent,2024-05-03T15:02:18Z,2025-08-29T14:46:39Z,d1434fad3a68bc1d2b49725be31e45526e6ad349,Juan Cabanas
tlsMemcached,2024-05-09T19:12:08Z,2025-11-12T15:49:28Z,b009536329d110afd807ef2f27f2b7dcc7d310ba,lean.dev
notificationBanner,2024-05-13T09:32:34Z,2025-01-10T10:18:43Z,f3953b4955c218cc4678e842faa3d3380fd0f8f7,Alex Khomenko
dualWritePlaylistsMode2,2024-05-14T12:11:56Z,2024-05-31T18:18:09Z,6836bfe1ea1bf62f4eb66dc1328a456183874f81,Arati R
dualWritePlaylistsMode3,2024-05-14T12:11:56Z,2024-05-31T18:18:09Z,6836bfe1ea1bf62f4eb66dc1328a456183874f81,Arati R
dashboardRestore,2024-05-16T17:36:26Z,2025-04-03T07:52:54Z,42d75ac737d7ac001a6d53376e25512408a01db5,Ezequiel Victorero
datasourceProxyDisableRBAC,2024-05-21T13:05:16Z,2025-02-25T17:30:58Z,0072e4a92d896df343d9586522d6f7533773da78,Aaron Godin
alertingDisableSendAlertsExternal,2024-05-23T12:29:19Z,,8421919cb552b9e8dbd4ebba20bcc67bbc5e6b4f,Steve Simpson
datasourceQueryTypes,2024-05-23T16:46:28Z,2026-04-13T18:34:04Z,42b0f802de31f3d42ece68544c193a69ea381bc0,Ryan McKinley
alertingListViewV2,2024-05-24T14:40:49Z,,99b5259cc1efa3f5c9dbb9b0153be14437818f38,Gilles De Mey
preserveDashboardStateWhenNavigating,2024-05-27T12:28:06Z,,6e9543e0addab825f6755d4d02c5a15a1598a483,Dominik Prokop
alertingCentralAlertHistory,2024-05-29T15:01:38Z,2026-08-13T10:10:55Z,289ce6185574df99acea37b86c2e0866ea5940fd,Sonia Aguilar
pluginProxyPreserveTrailingSlash,2024-06-05T11:36:14Z,,fe3e5917f1bc83ab29b6a57578316e054718aa4a,Marcus Efraimsson
kubernetesDashboards,2024-06-05T14:34:23Z,2026-03-27T15:18:50Z,41e0430f83bf7db50c4caaa1472afa3bf3d5c2dc,Ryan McKinley
azureMonitorPrometheusExemplars,2024-06-06T16:53:17Z,,c9778c3332aa93e5dd8bc3b894264e1955f0d593,Andreas Christou
pinNavItems,2024-06-10T11:40:03Z,2025-11-17T12:12:47Z,84b638fb26cecf856374bb3d09b123061b4b8a6b,Laura Fernández
authZGRPCServer,2024-06-13T09:41:35Z,,afcb5a855c26e985e43861bff6fab36b1b008109,Gabriel MABILLE
openSearchBackendFlowEnabled,2024-06-17T09:41:50Z,2025-02-03T13:24:49Z,ab2af9b8f75cd13595f4d487c1168e849768a518,Ida Štambuk
ssoSettingsLDAP,2024-06-18T11:31:27Z,2026-02-03T09:24:57Z,d074cc7892b96a1333bd07011baff146ea71e21d,Mihai Doarna
databaseReadReplica,2024-06-18T15:07:15Z,2024-09-25T23:21:39Z,50244ed4a1435cbf3e3c87d4af34fd7937f7c259,Kristin Laemmert
disableClassicHTTPHistogram,2024-06-18T19:37:44Z,2026-01-20T14:07:04Z,3bbc821131f1b10ace139dbb4a6880fb77686646,Dave Henderson
zanzana,2024-06-19T13:59:47Z,,3fe29809bec39239c45d672d686392725773f2e1,Karl Persson
failWrongDSUID,2024-06-20T10:56:39Z,2025-06-27T13:43:58Z,44fd13c742e606b8409e23eb62cab8bab24310f1,Andres Martinez Gotor
passScopeToDashboardApi,2024-06-20T15:49:19Z,2024-10-25T12:56:54Z,543e71eb2862187d12e8ee7742badb06e4c913e8,Bogdan Matei
alertingApiServer,2024-06-20T20:52:03Z,2025-04-18T19:57:39Z,b07592620279f16b0353444e7aba3c457c50d7ec,Yuri Tseretyan
dashboardRestoreUI,2024-06-25T14:43:13Z,2024-10-11T08:29:58Z,a3879e02bb3b7e8e917ba1bb4163bb230f917f2c,Laura Fernández
cloudWatchRoundUpEndTime,2024-06-27T15:10:28Z,,ba5b33227c343cb2c7dad15ff85a745869c68da9,Ida Štambuk
bodyScrolling,2024-07-01T10:28:39Z,2024-09-24T12:23:18Z,c0058f9c7e390d8a196f5b375382334287633ea9,Ashley Harrison
cloudwatchMetricInsightsCrossAccount,2024-07-02T10:34:12Z,2025-01-10T22:23:23Z,36ff0fe63a7710eb496f2f048feb71e6eb6e3c56,Ida Štambuk
dataplaneAggregator,2024-08-09T08:41:07Z,2026-06-23T13:42:41Z,122e291134c689ff57eae4461cd5953914b5a36c,Todd Treece
adhocFilterOneOf,2024-08-12T08:56:42Z,2024-09-05T12:49:24Z,ab3e8652aa865e43a3f2c164b626c42dfffab33e,Ashley Harrison
prometheusRunQueriesInParallel,2024-08-12T12:31:39Z,2025-04-11T22:11:19Z,c9ddc688a2b2c4ebb49e8ecf71dc01e33704da32,Vijay Samuel
backgroundPluginInstaller,2024-08-12T14:39:31Z,2024-09-23T13:49:18Z,d342e76f636e3a5751c5e7baccd1c8910b50d863,Andres Martinez Gotor
pluginsDetailsRightPanel,2024-08-13T09:55:30Z,2025-07-25T12:02:05Z,8044cb50f17a021a32e7ac0b83cf8d723457a9ae,Yulia Shanyrova
lokiSendDashboardPanelNames,2024-08-22T19:30:43Z,2025-06-20T08:06:15Z,ec857e1de99d228668e3fb2c0bfd30230a96e180,Sven Grossmann
mysqlParseTime,2024-08-27T11:16:04Z,2024-12-10T21:13:13Z,c59dddf7afb227f756259a50fc1d2b1946a4a72f,Ryan McKinley
singleTopNav,2024-08-29T08:48:32Z,2024-12-17T13:32:38Z,8aaa155cb0215119d2455732a9e37f7c2aeff35c,Laura Fernández
exploreLogsAggregatedMetrics,2024-08-29T13:55:59Z,,15a4ff992bd925f5714bc4e73fa9766a995b5711,Sven Grossmann
exploreLogsLimitedTimeRange,2024-08-29T13:55:59Z,2026-01-12T22:43:01Z,15a4ff992bd925f5714bc4e73fa9766a995b5711,Sven Grossmann
exploreLogsShardSplitting,2024-08-29T13:55:59Z,,15a4ff992bd925f5714bc4e73fa9766a995b5711,Sven Grossmann
newFiltersUI,2024-08-30T12:48:13Z,2026-02-23T11:12:16Z,00ae49a61adff11e5fbac3341941b35185d9e8d9,Sergej-Vlasov
appPlatformAccessTokens,2024-09-05T16:18:44Z,2024-10-14T10:47:18Z,d5ebaa0ef92edecfb9511dc7c8080be25f8cc7e7,Claudiu Dragalina-Paraipan
appSidecar,2024-09-09T12:45:05Z,2025-04-10T20:04:12Z,5e2ac24890906e5070323d87730dd78a4f885963,Andrej Ocenas
vizActions,2024-09-09T14:11:55Z,2025-02-26T23:15:01Z,af48d3db1eb2d8681843f5997e50fea5e5ea3096,Adela Almasan
groupAttributeSync,2024-09-09T15:29:43Z,,6ded6a8872204a818b3795dc733cc5fe5db066a0,Aaron Godin
kubernetesFolders,2024-09-10T09:22:08Z,2025-01-23T14:25:03Z,b12a29a1dac8b9aec4a99be08e1665939cb27dc5,Arati R.
alertingFilterV2,2024-09-11T11:29:26Z,2026-04-02T20:20:21Z,90ee52e8d9c14237f8a57b622c0def7512e657cd,Gilles De Mey
improvedExternalSessionHandling,2024-09-17T10:54:39Z,2026-09-07T08:27:25Z,41cd0f51800d4849345fc0980ca4173967fc8e9e,Misi
datasourceAPIServers,2024-09-19T08:28:27Z,2026-07-22T15:55:33Z,f21a5987a22bcdb596d6a258d2960e4151348b63,Ryan McKinley
useSessionStorageForRedirection,2024-09-23T09:31:23Z,,b369341868ec182f076e2e6003b371fdf071f690,Misi
homeSetupGuide,2024-09-25T17:20:04Z,2025-05-22T11:06:50Z,c822feff9edd6da63da44d935f7cac4365871f01,Serena
alertingQueryAndExpressionsStepMode,2024-09-26T06:33:14Z,2026-09-14T18:54:45Z,536edee7bff0e393054775b02a9362c8d49ed699,Sonia Aguilar
rolePickerDrawer,2024-09-26T12:51:38Z,,e2816ee51a1497f1cced62584a026fc8121b59a0,linoman
alertingPrometheusRulesPrimary,2024-09-27T12:27:16Z,,db42af20ca8875fbe3410ddd49e0effba6d8594a,Konrad Lalik
unifiedStorageSearch,2024-09-30T19:46:14Z,2026-01-12T12:22:48Z,6a3eb276efb8ba7a2ccb9cb79977e2def76d406d,owensmallwood
grafanaAPIServerTestingWithExperimentalAPIs,2024-10-03T10:11:40Z,2025-01-23T14:25:03Z,a42caa7a61ffb0c2694ff294af3403913e4fc103,Arati R.
pluginsSriChecks,2024-10-04T12:55:09Z,,0db65d229e36b78802c1e8bd0713ac44e7a7cdc7,Giuseppe Guerra
onPremToCloudMigrationsAlerts,2024-10-07T10:53:24Z,2024-12-17T11:56:18Z,712314e8324fd86ec33ecb840f868eb1f1cac154,Matheus Macabu
appPlatformGrpcClientAuth,2024-10-14T10:47:18Z,,a69ee676babc7644da41781efc5ae2c301f06de6,Claudiu Dragalina-Paraipan
kubernetesDashboardsAPI,2024-10-15T19:30:05Z,2024-12-10T18:35:36Z,644a16048f034f6bc79883678f1f1a4b48233483,Stephanie Hingtgen
unifiedStorageBigObjectsSupport,2024-10-17T10:18:29Z,2026-05-11T08:18:09Z,3457f219be1c8bce99f713d7a907ee339ef38229,Ryan McKinley
timeRangeProvider,2024-10-22T10:52:33Z,,3bf3290340a7842bb1d83647343234b2e9e83b18,Andrej Ocenas
dashboardNewLayouts,2024-10-23T08:55:45Z,,b700de81224caacd327fafb6ce0dfda8b38d39c6,Torkel Ödegaard
prometheusUsesCombobox,2024-10-23T11:18:33Z,2025-04-22T16:54:10Z,2cf6a6388ba36246ed425664783682a0be4f37f8,Josh Hunt
lokiShardSplitting,2024-10-23T11:21:03Z,,2573cbec083e8f5160888a455efd435b8d03549f,Matias Chomicki
azureMonitorDisableLogLimit,2024-10-24T13:32:09Z,,2a65de8aaa98ddf5db9f69afe0cfb13a052b98de,Andreas Christou
reloadDashboardsOnParamsChange,2024-10-25T12:56:54Z,,97c0ff2ae467452aa2ea1619b6e014bc005e09fa,Bogdan Matei
dashboardSchemaV2,2024-10-29T10:35:18Z,2024-12-19T12:28:20Z,f062c66f89b09fca7716438ac488a76bf81ed7f8,Alexa V
playlistsWatcher,2024-11-01T17:47:24Z,2024-12-20T03:09:31Z,403b60723d9960b29c1ad9b1fd5b22b3bc340bef,Todd Treece
sqlQuerybuilderFunctionParameters,2024-11-04T16:13:35Z,2025-02-19T14:38:27Z,85c696c4ad5d7e29fa6d66e0239a0efa653ffdd2,Zoltán Bedi
enableExtensionsAdminPage,2024-11-05T15:55:10Z,,c7a7f7dce5d93dc5044c4be140433ee2d6150fb9,Marcus Andersson
exploreMetricsRelatedLogs,2024-11-05T16:28:43Z,2026-01-12T17:52:40Z,82ac9e2bb67a665c3b56e3a80c47d8aea7f7d044,ismail simsek
enableScopesInMetricsExplore,2024-11-06T13:11:33Z,,a80517d6fecf245cb9366b5662ab6d8760200389,Bogdan Matei
zipkinBackendMigration,2024-11-07T09:35:53Z,2025-01-28T14:11:10Z,c151021b162d99da2cb0f09485f90a2b5d38c11c,Ivana Huckova
preinstallAutoUpdate,2024-11-07T12:14:25Z,2025-11-10T14:06:30Z,a415c0b83184ad473b3f8e10c0319c46d9e5c515,Andres Martinez Gotor
enableSCIM,2024-11-07T14:38:46Z,,3d51ca7377eff46b39750a8e0311ead7b75fd359,linoman
logQLScope,2024-11-11T11:53:24Z,,c7b6822a5e9cba703e521536947682aaf801203e,Carl Bergquist
userStorageAPI,2024-11-12T11:56:41Z,2025-03-27T12:40:00Z,c3494614e39638f6d78b79397cf6032cbcde4b9f,Andres Martinez Gotor
crashDetection,2024-11-12T15:07:27Z,,3a6858cf2602207da6e351f7fa6beb1d18fd35ad,Piotr Jamróz
passwordlessMagicLinkAuthentication,2024-11-14T13:50:55Z,2026-03-27T14:19:58Z,6abe99efd64b8867112d9d9c74971d96840ce32d,colin-stuart
reportingUseRawTimeRange,2024-11-14T20:08:03Z,2025-05-28T22:44:48Z,ec1a722504b5c09ba01b96b95907a3bdd1c0b106,Juan Cabanas
jaegerBackendMigration,2024-11-15T14:40:20Z,2025-07-10T14:54:16Z,cc1d76fc0aabf229605451d015e75ebd6bae2a0c,Gareth Dawson
alertingUIOptimizeReducer,2024-11-18T10:59:00Z,2026-10-07T14:17:31Z,76444c7913851303d8fae61046d8c2b0d858080d,Sonia Aguilar
onPremToCloudMigrationsAuthApiMig,2024-11-21T18:46:06Z,2025-01-24T16:53:58Z,e9fae5bd7fe1bd5194caeaf1d0180cbba09e08a0,lean.dev
provisioning,2024-11-22T09:03:50Z,2026-08-05T15:49:27Z,53245e274288caac8b1599e74184f40578a996fb,Ryan McKinley
alertingNotificationsStepMode,2024-11-22T11:07:45Z,2026-10-07T14:17:31Z,977184b878f4ba0c5ef19eb6c2ba43bcbefeceb8,Sonia Aguilar
scopeApi,2024-11-27T07:58:25Z,,21bd47e512180001e4dfb81cc04553bdd56f8789,Carl Bergquist
azureMonitorEnableUserAuth,2024-11-27T14:01:54Z,,b898a4540d986eb7ccf3127924f47eec3c0e1542,Adam Yeats
feedbackButton,2024-12-02T17:08:15Z,2025-11-20T10:18:50Z,8a1b89a5ebb847f6b29e92dcea796f00c30431d6,Michael Mandrus
elasticsearchCrossClusterSearch,2024-12-12T22:20:04Z,2026-07-16T17:51:01Z,b3a12f486eba69e20dd7ff3a3d4dd065ede7a99f,Isabella Siu
unifiedHistory,2024-12-13T10:41:18Z,2026-01-08T15:25:49Z,aac62c89dae1092836a91d1b6ae6bd7127fe676a,Laura Fernández
lokiLabelNamesQueryApi,2024-12-13T14:31:41Z,,5ac7443fcec0db412d3333044a82c2c26b5aece7,Sven Grossmann
kubernetesCliDashboards,2024-12-13T22:55:43Z,2025-02-18T23:11:26Z,8f6e9f8ed0a5024a510cc337c9f1e6972bfb23d4,Stephanie Hingtgen
useV2DashboardsAPI,2024-12-17T21:17:09Z,2025-03-12T17:43:32Z,070f0e4457c5967102ef157197073dc2662f6fb8,Dominik Prokop
investigationsBackend,2024-12-18T08:31:03Z,2026-01-08T09:28:20Z,f46c07aba7b6faccd2ecafc83051d1410cacc867,Jackson Coelho
unifiedStorageSearchSprinkles,2024-12-18T17:00:54Z,2026-01-13T10:24:13Z,4837585cab0fd84184a8c6f5d6891f442a2b95f1,owensmallwood
prometheusSpecialCharsInLabelValues,2024-12-18T21:31:08Z,,721c50a304588ebd7cea76e301ec0f68a5a55d68,Nick Richmond
unifiedStorageSearchUI,2024-12-19T18:21:48Z,2026-04-21T12:28:34Z,a8f347144ddc16f2033fdeb4f3474e49239ba7ab,Scott Lepper
playlistsReconciler,2024-12-20T03:09:31Z,2026-07-24T13:59:57Z,24bf337c562dc9b9d8684cc9acb7ea171ea83414,Charandas
k8SFolderCounts,2024-12-27T17:10:44Z,2026-03-30T05:31:43Z,df36e77cd31d2ad77e3d708748d040367a0c8c9c,Leonor Oliveira
k8SFolderMove,2024-12-27T17:10:44Z,2026-01-15T20:28:21Z,df36e77cd31d2ad77e3d708748d040367a0c8c9c,Leonor Oliveira
kubernetesRestore,2025-01-03T14:48:47Z,2025-03-20T21:38:32Z,5429512779bd5f25b88ff728ea91efdef7dfafa0,Stephanie Hingtgen
improvedExternalSessionHandlingSAML,2025-01-09T17:02:49Z,2026-09-07T12:57:30Z,c52ec21c75ab72c2f7d28259bac0364edae560d0,Misi
teamHttpHeadersMimir,2025-01-13T10:42:47Z,2025-07-31T22:56:50Z,04acbcdef23f673bd6bbfdbbece29c9769ce155a,Eric Leijonmarck
ABTestFeatureToggleA,2025-01-13T21:13:13Z,2025-05-27T19:18:23Z,009d7f42b3d09b3a6be1f00f07314e2b25af7ebc,Nathan Marrs
ABTestFeatureToggleB,2025-01-13T21:13:13Z,2025-05-27T19:18:23Z,009d7f42b3d09b3a6be1f00f07314e2b25af7ebc,Nathan Marrs
kubernetesFoldersServiceV2,2025-01-13T21:15:35Z,2025-02-18T23:11:26Z,766d645d827f5e6e0872ae30e5fe23226ae85785,maicon
queryLibraryDashboards,2025-01-14T11:01:15Z,2025-02-14T16:39:22Z,740cd22fe51a3543c182857f31fc97fd42263306,Ashley Harrison
elasticsearchImprovedParsing,2025-01-15T17:05:54Z,,bab55a4cb84f2ba57838f96a492ab9aa7f307957,Adam Yeats
grafanaAdvisor,2025-01-20T10:08:00Z,2026-07-15T12:39:59Z,c1364d6be6f552203ba786f17a89664304b89247,Andres Martinez Gotor
datasourceConnectionsTab,2025-01-21T17:39:48Z,,97d8f68b705f9949493079d1833abfe80e7b48f3,Syerikjan Kh
unifiedStorageSearchPermissionFiltering,2025-01-22T11:38:37Z,2025-07-31T22:56:50Z,dd483fc17fa4a2931848e3574cfc31ea6f6530d9,owensmallwood
alertingSaveStateCompressed,2025-01-27T17:47:33Z,2026-08-04T19:54:43Z,cb43f4b6962fca18655b3ba634adeb4d59dc89df,Alexander Akhmetov
fetchRulesUsingPost,2025-01-29T12:17:44Z,,1444051b65af0de6c412a12132083135c7730414,Fayzal Ghantiwala
templateVariablesUsesCombobox,2025-01-31T09:53:13Z,2025-11-13T03:31:18Z,7190bfb0ca675fc1b3b5d7ddf7e0ee9d1c9ca3d7,Tobias Skarhed
alertingAlertmanagerExtraDedupStage,2025-01-31T16:12:38Z,2025-03-26T19:15:10Z,0be6e1bb86613b6466e531119fe1cfec67d35aac,Yuri Tseretyan
alertingAlertmanagerExtraDedupStageStopPipeline,2025-01-31T16:12:38Z,2025-03-26T19:15:10Z,0be6e1bb86613b6466e531119fe1cfec67d35aac,Yuri Tseretyan
exploreMetricsUseExternalAppPlugin,2025-02-03T20:46:54Z,2025-04-11T20:45:14Z,29fa6dfc8de0a758f9f37f000c923f0806c3b629,Nick Richmond
newLogsPanel,2025-02-04T17:40:17Z,2026-06-25T16:03:47Z,ff926c5ac5daa760378ce233d7d9f876f56727b5,Matias Chomicki
grafanaconThemes,2025-02-06T11:08:04Z,2026-06-10T09:16:46Z,7d3a77a45c4a48582892a95b60b160b69543e51f,Ashley Harrison
pluginsCDNSyncLoader,2025-02-07T10:07:08Z,2025-07-22T08:33:23Z,ccb9cab1318ea76ebb6b1005e7a53e113cba0d3b,Giuseppe Guerra
alertingConversionAPI,2025-02-12T07:13:21Z,2025-04-05T08:27:02Z,9593e51da7c05ed548f11d24ac4c667c51dbe6bb,Alexander Akhmetov
alertingJiraIntegration,2025-02-14T12:22:04Z,,af8cab92109ecfbb54625ff25a3b90a4f92dc46a,Sonia Aguilar
alertingRuleVersionHistoryRestore,2025-02-17T12:25:32Z,2026-10-07T14:17:31Z,2014d27defe5668ba07913cec6f2186c90eaaab2,Sonia Aguilar
newShareReportDrawer,2025-02-17T19:05:46Z,,9df6412e92559f2329c2baac0025f56fc57c5bf9,Ezequiel Victorero
kubernetesClientDashboardsFolders,2025-02-18T23:11:26Z,2025-07-29T21:52:57Z,3e6f40c87386984be60e391b26a7559e3469dac3,Stephanie Hingtgen
managedDualWriter,2025-02-19T14:50:39Z,2026-04-16T15:57:34Z,5a40c84568485da55ccb42998c6d291d310abd56,Ryan McKinley
rendererDisableAppPluginsPreload,2025-02-24T14:43:06Z,2026-04-10T06:54:30Z,608d974585c696253ac629f3c7bfc3a0043cbd49,Agnès Toulet
assetSriChecks,2025-03-04T10:56:35Z,2026-04-27T12:43:09Z,bbfeb8d220cc67c329aa2b5d6ed693ae1cb54325,Jack Westbrook
alertRuleRestore,2025-03-05T14:15:26Z,,374380d1f6ab05e98bc00b0b0fdaa076d1d30ffa,Yuri Tseretyan
grafanaManagedRecordingRulesDatasources,2025-03-07T13:30:40Z,2025-06-02T08:56:05Z,14ebec527ccf22c15321ac8394a4f9c3909dd4e1,Steve Simpson
inviteUserExperimental,2025-03-07T19:09:59Z,2025-11-14T15:33:26Z,5e21b9e2d1ebad0dcb5fce5fa1bc48b74cea4b45,Juan Cabanas
extraLanguages,2025-03-11T10:07:16Z,2025-03-27T12:58:52Z,210c886bb7b913e4ca0b77ff142a72185a82a385,Josh Hunt
infinityRunQueriesInParallel,2025-03-14T12:54:04Z,,d72b6649810ffacebe73ef67c6b5bd6e46dfab47,ismail simsek
noBackdropBlur,2025-03-14T15:21:35Z,2025-04-08T10:58:19Z,bf172dfd296d15c02473904646c19d2bb663cc3f,Josh Hunt
alertingMigrationUI,2025-03-14T16:40:05Z,2026-10-07T14:17:31Z,ef9dca9ea369997116cd7880c238597fc18ca682,Tom Ratcliffe
unifiedStorageHistoryPruner,2025-03-17T10:36:38Z,2025-11-17T19:47:37Z,1700a8aa9f2a103f953a385544c2ce200e6fcf9d,Jean-Philippe Quéméner
secretsManagementAppPlatform,2025-03-19T09:25:14Z,2026-02-11T15:01:21Z,ac4b2a320071323f0d2849b844f7e8c3afbff21d,Matheus Macabu
unifiedStorageGrpcConnectionPool,2025-03-21T13:24:54Z,2026-05-15T13:43:55Z,ba3e8014b3363762369c434c0c67d871a311a033,Jean-Philippe Quéméner
tableNextGen,2025-03-26T03:57:57Z,2025-07-31T22:56:50Z,03d6d8f854ac06701bba2d5d10bedd8a227bea4e,Drew Slobodnjak
alertingRuleRecoverDeleted,2025-03-27T14:39:26Z,,f9471ac10b65e08343b08d82e1209f1ae7006955,Sonia Aguilar
localizationForPlugins,2025-03-31T04:38:38Z,2025-08-29T14:46:39Z,18ae5d7f0c599bf417dc68a67fa6852b6cf54600,Hugo Häggmark
localeFormatPreference,2025-03-31T13:59:07Z,2026-05-15T15:49:43Z,4ad0492d3dc8ee81b388384e3e6c329746f46df7,Laura Fernández
useScopesNavigationEndpoint,2025-03-31T15:20:00Z,,c321afdeb710db302558ac63a8f0569c4706d003,Tobias Skarhed
xrayApplicationSignals,2025-04-01T14:42:02Z,2025-06-13T18:26:14Z,1aea65f6d5aae0ea9d54a6d943b27e1004f4ef85,Isabella Siu
queryServiceFromExplore,2025-04-02T10:00:33Z,2025-12-16T16:40:18Z,135fbf6258d85382a3c80b696b4e410fd6efe809,Gábor Farkas
azureMonitorLogsBuilderEditor,2025-04-02T14:15:25Z,,3b73ebb21096f69f4dcb287896e2cbfec65e48d7,Alyssa (Bull) Joyner
multiTenantTempCredentials,2025-04-02T20:25:50Z,,6a699b69bace2aecfe3631a5e050cda69180b97f,Isabella Siu
extensionSidebar,2025-04-03T10:16:35Z,2025-07-31T22:56:50Z,f27790268254294be7c09832e9a73676fd9a629c,Sven Grossmann
alertingRulePermanentlyDelete,2025-04-03T11:18:25Z,2026-10-07T14:17:31Z,3450d243b95acd5bf86fbbf3b183cba4b2eb8301,Sonia Aguilar
logsPanelControls,2025-04-07T14:38:55Z,2026-04-09T09:16:20Z,e2a6f9a84928cfb2f958522b1f50fdf3051f51de,Matias Chomicki
metricsFromProfiles,2025-04-09T10:55:28Z,,ceed8243784500557f2686bb478695cc125a0e19,Piotr Jamróz
unifiedNavbars,2025-04-09T12:51:22Z,,24474dcb9cd0d1d899dafd110a07307a9b794074,Torkel Ödegaard
dashboardDisableSchemaValidationV1,2025-04-11T16:52:46Z,2026-05-14T15:20:30Z,95f04c79cd5176a722d528ee942107084343469e,Marco de Abreu
dashboardDisableSchemaValidationV2,2025-04-11T16:52:46Z,2026-05-14T15:20:30Z,95f04c79cd5176a722d528ee942107084343469e,Marco de Abreu
dashboardSchemaValidationLogging,2025-04-11T16:52:46Z,2026-05-14T15:20:30Z,95f04c79cd5176a722d528ee942107084343469e,Marco de Abreu
scopeSearchAllLevels,2025-04-14T07:42:16Z,,ed65c99e543ab1cecbc608fd29eeaf564dccca44,Carl Bergquist
pluginsAutoUpdate,2025-04-16T11:44:39Z,,c947732e0de99395a6ee4e0161e27c3e884168ac,Hugo Kiyodi Oshiro
alertingListViewV2PreviewToggle,2025-04-22T08:50:34Z,,512df0091a1df6c7d19243e288ec458250b49813,Konrad Lalik
alertRuleUseFiredAtForStartsAt,2025-04-22T11:16:38Z,2026-05-12T13:08:43Z,3a054d5e00abc212a741fc1aad8cf266a188de1f,Fayzal Ghantiwala
alertingBulkActionsInUI,2025-04-24T14:49:59Z,2026-10-07T14:17:31Z,674fdd1d323ef041dbed93b44ae58afaaf1a8b64,Sonia Aguilar
multiTenantFrontend,2025-04-25T09:24:25Z,2025-07-31T22:56:50Z,7b492d7e1610da99460cb121ec542c5b755fe6d1,Ryan McKinley
extensionsReadOnlyProxy,2025-05-06T04:55:23Z,2025-07-01T04:10:57Z,bcb2a7e36f7ae5190ab45669f4a0d04660313842,Levente Balogh
kubernetesAggregatorCapTokenAuth,2025-05-15T18:14:23Z,,aa2cf8e398ee05353cc488ca22e3c8ee65dd5c53,Charandas
alertingImportYAMLUI,2025-05-21T15:59:41Z,2026-09-29T18:20:27Z,fc5472615fc8b823f1c18c4eae2b6ce3ddcc76f9,Sonia Aguilar
teamHttpHeadersTempo,2025-05-22T19:13:31Z,,249e2f3d34f5175e62a17629646994d3116e64f6,Cory Forseth
restoreDashboards,2025-05-23T14:35:54Z,2026-05-05T06:26:56Z,0cb6f9584bf77a7dbdfcc6ce1032db2b4bdc15e2,Alex Khomenko
postgresDSUsePGX,2025-05-26T06:54:18Z,2025-06-03T12:45:07Z,1e383b0c1e98734ad4bf974f0435512d10c33246,Zoltán Bedi
skipTokenRotationIfRecent,2025-06-03T06:59:40Z,2025-10-23T08:02:41Z,86f2bf294044129e802ddeab6f4ac8e9f79dee9e,xavi
alertEnrichment,2025-06-06T12:16:07Z,,f81031f945b55b644a3ad6a6bcf99d445beb4ad4,Steve Simpson
alertingImportAlertmanagerAPI,2025-06-10T08:32:50Z,,f14ed750f53899d72153defc6c787200c22816ca,Alexander Akhmetov
preferLibraryPanelTitle,2025-06-17T11:21:21Z,,e90134bb6f2a9de0ce520f4a00427de2d80c6667,Oscar Kilhed
nanoGit,2025-06-17T17:07:30Z,2025-07-10T16:46:38Z,689cafc1fa374889e1bf5c62a602c4d3bb0db4bb,Roberto Jiménez Sánchez
kubernetesAuthzApis,2025-06-18T07:43:01Z,2026-03-16T22:53:59Z,56c9dbf6e535ca2754609b004649092d582ca569,Gabriel MABILLE
tabularNumbers,2025-06-24T11:52:03Z,2026-02-25T15:38:58Z,bdb18914312885c2e8b56bf2ab09792081e31a33,Josh Hunt
newInfluxDSConfigPageDesign,2025-06-25T16:39:54Z,,3503fc209e97946b22c1e4fe23c766bf341b4ddd,Adam Yeats
kubernetesLibraryPanels,2025-06-25T22:21:56Z,2026-07-24T08:56:31Z,79fe8a9902335c7a28af30e467b904a4ccfac503,Stephanie Hingtgen
enableAppChromeExtensions,2025-06-30T04:32:08Z,,15293a2ceb083108c0f15490933db523aa915c7d,Hugo Häggmark
foldersAppPlatformAPI,2025-07-03T14:15:23Z,,e76f470b444499f70825e9e5eb6b1775ff086c3c,Andrej Ocenas
tempoAlerting,2025-07-15T13:36:36Z,,68b9a5f57c30976a1356a0bdb381821e2643384f,Piotr Jamróz
provisioningSecretsService,2025-07-15T13:43:17Z,2025-07-31T22:56:50Z,d39a47a89b9bfc2940f27ca8469e576a659bfc63,Stephanie Hingtgen
sharingDashboardImage,2025-07-15T21:07:39Z,2026-06-19T03:54:52Z,b691b3288d5d18366e405ad4e881e7e9d9d6de96,Nathan Marrs
enablePluginImporter,2025-07-16T04:42:28Z,2025-10-23T04:18:23Z,5b82e056972f959908cd42c9934ba56e8adbf143,Hugo Häggmark
otelLogsFormatting,2025-07-16T15:42:14Z,,974103c6fa20701c5467c67fb24f173aea9113fb,Matias Chomicki
alertingAIAnalyzeCentralStateHistory,2025-07-16T16:42:42Z,,9c15662cf6337b37f2932cf7b20fe5e05d310153,Sonia Aguilar
alertingAIGenAlertRules,2025-07-16T16:42:42Z,,9c15662cf6337b37f2932cf7b20fe5e05d310153,Sonia Aguilar
alertingAIGenTemplates,2025-07-16T16:42:42Z,,9c15662cf6337b37f2932cf7b20fe5e05d310153,Sonia Aguilar
alertingAIImproveAlertRules,2025-07-16T16:42:42Z,,9c15662cf6337b37f2932cf7b20fe5e05d310153,Sonia Aguilar
alertingNotificationHistory,2025-07-17T13:26:26Z,,bccc980b902987fc9a2707deca766412b47bbe2a,Vadim Stepanov
pluginAssetProvider,2025-07-17T15:20:35Z,2025-10-10T09:35:22Z,f6ed9e6ff0e799f3e69532809a7e444efb3c610e,Will Browne
unifiedStorageSearchDualReaderEnabled,2025-07-18T12:43:56Z,2026-04-16T18:02:18Z,2dba473015a6e7e75a5d117bf766a6c24d404d38,maicon
kubernetesLibraryPanelConnections,2025-07-21T12:53:46Z,2025-07-30T16:46:19Z,5ec3a2b758dfd0cc63cc42759d6f01a88dfbb6bc,Stephanie Hingtgen
dashboardDsAdHocFiltering,2025-07-23T08:12:25Z,2025-11-10T17:17:49Z,aedd7b6e3408a04a84ef02c535439fd17aa2e0e6,Sam Jewell
alertingAIFeedback,2025-07-23T12:38:09Z,,7c872f0e8aa6d05061f546da98d94fe223192fa2,Sonia Aguilar
alertingProvenanceLockWrites,2025-07-23T18:16:06Z,,7c43c061a827e4802f40d74f451a15a24db6abd6,Alexander Akhmetov
sqlExpressionsColumnAutoComplete,2025-07-23T21:49:58Z,,5bfed408edcc6f74dd8b0780b4f87bccfea02b01,Kristina
timeComparison,2025-07-24T20:07:28Z,,219672722662938633ffae3f6e8bfa89f8f29661,Drew Slobodnjak
kubernetesAuthnMutation,2025-07-25T15:05:32Z,2026-03-16T22:53:59Z,5f6fc38430494e3cb642a09e32415ae62a92ad56,Victor Cinaglia
alertmanagerRemoteSecondaryWithRemoteState,2025-07-25T15:06:59Z,,dcb965b7dcf1ec47d0847968fa362d2b308328f8,Santiago
adhocFiltersInTooltips,2025-07-29T17:53:43Z,2025-11-12T10:05:30Z,2174a84b36b9a086018972654c5ec661c19937a1,Sam Jewell
scanRowInvalidDashboardParseFallbackEnabled,2025-07-30T14:18:38Z,2026-04-16T15:57:34Z,98e37f2ca9b4fa1a6cac0c3a2ae355a5ff60dbd9,Mustafa Sencer Özcan
dashboardLevelTimeMacros,2025-07-31T09:49:07Z,,e7cfe0c0237394f6c87d01ad4a5e6f29954212fb,Oscar Kilhed
useScopeSingleNodeEndpoint,2025-07-31T14:32:41Z,2026-07-01T01:41:16Z,972e2f31e5f3dfd8d9f8152b3bb1fe7224e5d1e1,Tobias Skarhed
alertEnrichmentConditional,2025-07-31T22:56:50Z,2025-08-01T11:30:17Z,ca8324e62a3ed855e9e68c7a5e358a16d48edc8f,Moustafa Baiou
alertEnrichmentMultiStep,2025-07-31T22:56:50Z,2025-08-01T11:30:17Z,ca8324e62a3ed855e9e68c7a5e358a16d48edc8f,Moustafa Baiou
alertingEnrichmentPerRule,2025-07-31T22:56:50Z,2025-08-01T11:30:17Z,ca8324e62a3ed855e9e68c7a5e358a16d48edc8f,Moustafa Baiou
alertingImportAlertmanagerUI,2025-07-31T22:56:50Z,2025-08-01T11:30:17Z,ca8324e62a3ed855e9e68c7a5e358a16d48edc8f,Moustafa Baiou
alertingTriage,2025-07-31T22:56:50Z,2025-08-01T11:30:17Z,ca8324e62a3ed855e9e68c7a5e358a16d48edc8f,Moustafa Baiou
azureResourcePickerUpdates,2025-07-31T22:56:50Z,2025-08-01T11:30:17Z,ca8324e62a3ed855e9e68c7a5e358a16d48edc8f,Moustafa Baiou
dskitBackgroundServices,2025-07-31T22:56:50Z,2025-08-01T11:30:17Z,ca8324e62a3ed855e9e68c7a5e358a16d48edc8f,Moustafa Baiou
favoriteDatasources,2025-07-31T22:56:50Z,2025-08-01T11:30:17Z,ca8324e62a3ed855e9e68c7a5e358a16d48edc8f,Moustafa Baiou
grafanaAssistantInProfilesDrilldown,2025-07-31T22:56:50Z,2025-08-01T11:30:17Z,ca8324e62a3ed855e9e68c7a5e358a16d48edc8f,Moustafa Baiou
graphiteBackendMode,2025-07-31T22:56:50Z,2025-08-01T11:30:17Z,ca8324e62a3ed855e9e68c7a5e358a16d48edc8f,Moustafa Baiou
kubernetesAlertingRules,2025-07-31T22:56:50Z,2025-08-01T11:30:17Z,ca8324e62a3ed855e9e68c7a5e358a16d48edc8f,Moustafa Baiou
kubernetesAuthzResourcePermissionApis,2025-07-31T22:56:50Z,2025-08-01T11:30:17Z,ca8324e62a3ed855e9e68c7a5e358a16d48edc8f,Moustafa Baiou
kubernetesShortURLs,2025-07-31T22:56:50Z,2025-08-01T11:30:17Z,ca8324e62a3ed855e9e68c7a5e358a16d48edc8f,Moustafa Baiou
newClickhouseConfigPageDesign,2025-07-31T22:56:50Z,2025-08-01T11:30:17Z,ca8324e62a3ed855e9e68c7a5e358a16d48edc8f,Moustafa Baiou
newLogContext,2025-07-31T22:56:50Z,2026-06-25T16:03:47Z,ca8324e62a3ed855e9e68c7a5e358a16d48edc8f,Moustafa Baiou
pluginContainers,2025-07-31T22:56:50Z,2025-08-01T11:30:17Z,ca8324e62a3ed855e9e68c7a5e358a16d48edc8f,Moustafa Baiou
prometheusTypeMigration,2025-07-31T22:56:50Z,2025-08-01T11:30:17Z,ca8324e62a3ed855e9e68c7a5e358a16d48edc8f,Moustafa Baiou
restrictedPluginApis,2025-07-31T22:56:50Z,2025-08-01T11:30:17Z,ca8324e62a3ed855e9e68c7a5e358a16d48edc8f,Moustafa Baiou
savedQueries,2025-07-31T22:56:50Z,2025-08-01T11:30:17Z,ca8324e62a3ed855e9e68c7a5e358a16d48edc8f,Moustafa Baiou
secretsManagementAppPlatformUI,2025-07-31T22:56:50Z,2025-08-01T11:30:17Z,ca8324e62a3ed855e9e68c7a5e358a16d48edc8f,Moustafa Baiou
teamFolders,2025-07-31T22:56:50Z,2025-08-01T11:30:17Z,ca8324e62a3ed855e9e68c7a5e358a16d48edc8f,Moustafa Baiou
unifiedStorageSearchAfterWriteExperimentalAPI,2025-07-31T22:56:50Z,2025-08-01T11:30:17Z,ca8324e62a3ed855e9e68c7a5e358a16d48edc8f,Moustafa Baiou
vizActionsAuth,2025-07-31T22:56:50Z,2025-08-01T11:30:17Z,ca8324e62a3ed855e9e68c7a5e358a16d48edc8f,Moustafa Baiou
queryServiceWithConnections,2025-08-28T19:28:26Z,2025-08-29T12:49:57Z,eda94a6434efc84862f9907c40463c02460c400d,Ryan McKinley
alertingEnrichmentAssistantInvestigations,2025-08-29T14:46:39Z,2025-09-01T09:33:33Z,c3f34efb41749d50b76ff0d765739e8c7b5c4da0,beejeebus
alertingUseNewSimplifiedRoutingHashAlgorithm,2025-08-29T14:46:39Z,2025-09-01T09:33:33Z,c3f34efb41749d50b76ff0d765739e8c7b5c4da0,beejeebus
cdnPluginsLoadFirst,2025-08-29T14:46:39Z,2025-09-01T09:33:33Z,c3f34efb41749d50b76ff0d765739e8c7b5c4da0,beejeebus
cdnPluginsUrls,2025-08-29T14:46:39Z,2025-09-01T09:33:33Z,c3f34efb41749d50b76ff0d765739e8c7b5c4da0,beejeebus
dashboardLibrary,2025-08-29T14:46:39Z,2025-09-01T09:33:33Z,c3f34efb41749d50b76ff0d765739e8c7b5c4da0,beejeebus
dashboardUndoRedo,2025-08-29T14:46:39Z,2025-09-01T09:33:33Z,c3f34efb41749d50b76ff0d765739e8c7b5c4da0,beejeebus
filterOutBotsFromFrontendLogs,2025-08-29T14:46:39Z,2025-09-01T09:33:33Z,c3f34efb41749d50b76ff0d765739e8c7b5c4da0,beejeebus
kubernetesAuthZHandlerRedirect,2025-08-29T14:46:39Z,2025-09-01T09:33:33Z,c3f34efb41749d50b76ff0d765739e8c7b5c4da0,beejeebus
kubernetesCorrelations,2025-08-29T14:46:39Z,2025-09-01T09:33:33Z,c3f34efb41749d50b76ff0d765739e8c7b5c4da0,beejeebus
kubernetesStars,2025-08-29T14:46:39Z,2025-09-01T09:33:33Z,c3f34efb41749d50b76ff0d765739e8c7b5c4da0,beejeebus
queryCacheRequestDeduplication,2025-08-29T14:46:39Z,2025-09-01T09:33:33Z,c3f34efb41749d50b76ff0d765739e8c7b5c4da0,beejeebus
starsFromAPIServer,2025-08-29T14:46:39Z,2025-09-01T09:33:33Z,c3f34efb41749d50b76ff0d765739e8c7b5c4da0,beejeebus
tempoSearchBackendMigration,2025-08-29T14:46:39Z,2025-09-01T09:33:33Z,c3f34efb41749d50b76ff0d765739e8c7b5c4da0,beejeebus
unifiedStorageUseFullNgram,2025-08-29T14:46:39Z,2025-09-01T09:33:33Z,c3f34efb41749d50b76ff0d765739e8c7b5c4da0,beejeebus
useKubernetesShortURLsAPI,2025-08-29T14:46:39Z,2025-09-01T09:33:33Z,c3f34efb41749d50b76ff0d765739e8c7b5c4da0,beejeebus
useMultipleScopeNodesEndpoint,2025-08-29T14:46:39Z,2025-09-01T09:33:33Z,c3f34efb41749d50b76ff0d765739e8c7b5c4da0,beejeebus
alertingGenerateSimplifiedRoutingWithOldHashes,2025-10-01T16:45:36Z,2025-10-01T19:21:33Z,0da9d4989652218d73ea9aa176ed300dba9aa884,Alexander Akhmetov
unlimitedLayoutsNesting,2025-10-10T12:15:54Z,2026-07-09T14:25:40Z,b5613b37249f42e18ef62f987202ba43858e5992,Sergej-Vlasov
enableDashboardEmptyExtensions,2025-10-13T07:03:13Z,,85174e3313952f522e1325b17a4e34c898d8617e,Matt Cowley
kubernetesAuthzZanzanaSync,2025-10-13T19:37:13Z,,0e341643292d903bc5fc882aa3332966284958ff,Gabriel MABILLE
grafanaPathfinder,2025-10-14T10:40:40Z,2025-10-22T08:06:21Z,c9f402c764d41a7ff85ef26979f8b4fcbe1b4b81,Jay Clifford
kubernetesLogsDrilldown,2025-10-16T21:31:42Z,,b3f9dad044f65479f99bb174af5725a8863ec915,Liza Detrick
preventPanelChromeOverflow,2025-10-17T14:40:08Z,2026-06-16T14:57:27Z,4cf11b721aeade73b37551382f5202ecef94d49a,Ashley Harrison
pluginStoreServiceLoading,2025-10-17T20:01:43Z,,69628baa9ddde2851dcccfe6c3c7d8c3e8b3197b,Todd Treece
onlyStoreActionSets,2025-10-20T15:02:56Z,,0a0311a2b230991a55d5b2d393d1cef0326e26f9,Ieva
kubernetesQueryCaching,2025-10-20T16:11:25Z,2026-08-04T10:17:49Z,17771e0e1df9d70ef8a2f90a7468a1652c462aa1,Lucy Chen
newGauge,2025-10-20T16:33:19Z,2026-03-24T15:18:29Z,7df537c9fc84ad6d277cee249e87db08bc6a81b7,Torkel Ödegaard
zanzanaNoLegacyClient,2025-10-21T14:03:17Z,,adf1224e82d83277e169646db477462a9a4db8e2,Alexander Zobnin
interactiveLearning,2025-10-22T08:06:21Z,,1abb5aa0f9c77d18775377a7459c091a9adddaa3,Jack Baldry
pluginInstallAPISync,2025-10-24T12:09:26Z,,dc77da11cf4cb3c4e705477cf2fb97e6004daf2f,Todd Treece
dashboardTemplates,2025-10-28T20:05:32Z,,8263803e81f26bdce676c5676b7cc4838cdf9042,Nathan Marrs
panelTimeSettings,2025-10-29T08:06:23Z,,5a031b370f4eeb873ed305c11a0235017fd54307,Torkel Ödegaard
jaegerEnableGrpcEndpoint,2025-10-31T18:19:16Z,,d0ea82633f757dcaa2562e94b2de0b40f9c0e229,Jocelyn Collado-Kuri
timeRangePan,2025-11-05T01:39:46Z,2026-05-12T18:59:36Z,e067b1de98f564045dfbb726546ef06957eeb3a6,Jesse David Peterson
kubernetesAnnotations,2025-11-06T18:22:20Z,2026-02-20T07:47:36Z,95ea7584752ddeb2aa224d2d8d9aba2de81f5aa3,Serge Zaitsev
suggestedDashboards,2025-11-07T13:38:59Z,,e5ed003fb219d4b8ffa2c2a44abda4e6ff54d91a,Alexa Vargas
grafanaAdvisorAppInstaller,2025-11-12T14:32:21Z,2025-11-14T11:25:30Z,d83c35fd71f435dc0fdc83b6af43dd7bc3682d22,Andres Martinez Gotor
newPanelPadding,2025-11-12T15:40:46Z,2026-05-14T10:03:14Z,1f558b1e066ed124c408ed52e95ce60bccfc135b,Torkel Ödegaard
awsDatasourcesHttpProxy,2025-11-12T18:51:23Z,,ec9f39d54a0489ca36a9059ad1b31ab7a58ca20a,Isabella Siu
newVizSuggestions,2025-11-12T19:26:29Z,2026-05-21T17:10:04Z,a194219365400e6dd5929453b17d212d1efd386c,Adela Almasan
alertingUIUseBackendFilters,2025-11-13T14:52:14Z,,44a92d252b18a571f5858aa7a7519f365d89ad7b,Alexander Akhmetov
transformationsEmptyPlaceholder,2025-11-17T13:57:05Z,,c4f2f3f6f4038a7428157a3629b428c340c08b52,Natalia Bernarte Oses
ttlPluginInstanceManager,2025-11-18T11:17:23Z,,e00eb854f54c972286a39d8ed101f1a423084f06,Will Browne
rudderstackUpgrade,2025-11-19T16:48:23Z,2026-07-10T09:36:50Z,3e7b95248899be52eb656d696115e7d28504ae6e,Luminessa Starlight
refreshTokenRequired,2025-11-19T18:21:40Z,,164873591b2f5224cc3777a0ab6406f76083167d,Victor Cinaglia
newTimeRangeZoomShortcuts,2025-11-20T21:14:27Z,2026-05-11T16:48:12Z,ef00dd494061de0764aad659e3d0174117004938,Jesse David Peterson
lokiQueryLimitsContext,2025-11-21T13:19:55Z,,c0f6d90971bb7fa4f2bc0c77a8339d199ca39306,Galen Kistler
perPanelNonApplicableDrilldowns,2025-11-21T16:03:27Z,,336aa06966a618e94475f4098b5f50bca81ffb9a,Victor Marin
alertingUIUseFullyCompatBackendFilters,2025-11-24T11:42:09Z,,01a4a5409a058596ff371a6e97aec5633c8c27a8,Konrad Lalik
kubernetesExternalGroupMapping,2025-11-25T13:21:23Z,2026-02-19T14:05:10Z,2e524483ac844ac989366f5c4a45d9e1758a0c69,Misi
kubernetesDashboardsV2,2025-11-27T14:52:42Z,2025-12-30T08:45:33Z,763067f8e13c167195a344f7c0302d87e1dbdb01,Haris Rozajac
kubernetesAlertingHistorian,2025-11-27T16:14:16Z,,7b8191ba4264216243a759533ca77e422e978b04,Steve Simpson
panelGroupBy,2025-11-28T13:03:11Z,2026-07-07T08:50:38Z,d3d294c99eee0755e6f24e3dd057834dbf6050c5,Victor Marin
externalVizSuggestions,2025-12-01T23:22:22Z,2026-05-12T19:45:44Z,e36ea787712df453c31e48aefdbf2ba8fd7897d5,Paul Marbach
opentsdbBackendMigration,2025-12-04T08:11:33Z,2026-06-23T10:18:39Z,dc8bb66a45aee5f75fb95d91836971f442610031,Gareth
useMTPlugins,2025-12-05T07:09:41Z,2026-05-08T08:32:12Z,b3648f0823a04a706c7bff3383ef8db4eef7c938,Hugo Häggmark
perPanelFiltering,2025-12-08T16:18:04Z,2026-07-07T08:50:38Z,7ea009c7f8c42c1f2f43b8e8ba99dfe14cebecf2,Victor Marin
kubernetesUnifiedStorageQuotas,2025-12-09T15:40:34Z,2026-04-17T17:07:58Z,a3daf0e39dab576ae860badffe4e10fcdb023f87,owensmallwood
multiPropsVariables,2025-12-09T17:11:49Z,2026-06-25T14:03:10Z,4b999cd9438809972a1daa2e1c9cdb79d2c00e70,Marc M.
recentlyViewedDashboards,2025-12-10T16:28:19Z,,094b6a36dc702aabef881284b6dea01a327da216,Yunwen Zheng
elasticsearchRawDSLQuery,2025-12-15T19:11:05Z,2026-07-10T11:44:27Z,956ab0514812531b3623053bbe92539988069bb1,Andrew Hackmann
pluginInsights,2025-12-16T10:20:18Z,2025-12-18T17:11:33Z,1f4f2b4d7c6af8fb32fbba448a95d85e8886d632,Yulia Shanyrova
drilldownRecommendations,2025-12-17T12:52:59Z,2026-07-07T08:50:38Z,a1a665e26b8200021bdfd12bd1917439cb5456bd,Victor Marin
fetchRulesInCompactMode,2025-12-18T09:06:39Z,,5e3a1091b351a63d2b4339f621c2f69e4a0f3336,Alexander Akhmetov
dashboardAdHocAndGroupByWrapper,2025-12-18T18:58:21Z,2026-04-10T20:26:04Z,05fd304dbd2be526ac96c29349f361d600144d29,Haris Rozajac
heatmapRowsAxisOptions,2025-12-18T22:45:00Z,2026-06-30T15:23:04Z,72e1f1e5461cdde23a888aea9d101702bfcb701a,Leon Sorokin
alertingSavedSearches,2025-12-19T14:32:27Z,2026-04-02T20:20:21Z,62b2a202de1463cdfd3be0755b2805266d3b046a,Deyan Halachliyski
auditLoggingAppPlatform,2025-12-29T15:28:29Z,,e088c9aac9884f0820ad261fdb4c670f8829c7ed,Matheus Macabu
smoothingTransformation,2026-01-05T16:53:45Z,,a9c2117aa7af9289afd08369d0c12280d8774d94,vesalaakso-oura
secretsManagementAppPlatformAwsKeeper,2026-01-06T14:30:04Z,,7698970f22190653a0ea10d6d806c8df7a39c0a5,Bruno
profilesExemplars,2026-01-07T12:25:42Z,2026-09-24T07:20:43Z,6fee200327b08bd0ac8381efafd82a9847562dc3,Alberto
reportingCsvEncodingOptions,2026-01-08T12:56:54Z,2026-05-13T13:22:40Z,dff9bea3e8e310fb3ac82f6d2d686c9037197667,Matheus Macabu
kubernetesAuthzCoreRolesApi,2026-01-12T08:00:51Z,2026-03-12T08:18:48Z,81b868ae9121796300aff91ed35a30d3139f1be8,Gabriel MABILLE
kubernetesAuthzRoleBindingsApi,2026-01-12T08:00:51Z,,81b868ae9121796300aff91ed35a30d3139f1be8,Gabriel MABILLE
kubernetesAuthzRolesApi,2026-01-12T08:00:51Z,,81b868ae9121796300aff91ed35a30d3139f1be8,Gabriel MABILLE
experimentRecentlyViewedDashboards,2026-01-13T15:22:20Z,,ec1ace398e1ed3ae35a358e9dbbe7e6f50f67375,Alex Khomenko
alertingSyncDispatchTimer,2026-01-14T09:04:29Z,,9d1d0e72c2a40f5b8836898141370c38b1735acd,Tito Lins
alertingNavigationV2,2026-01-14T10:58:11Z,,170ac31c5ad5527c17e838949ce68dc5c5752c34,Alejandro Fraenkel
kubernetesAuthzGlobalRolesApi,2026-01-15T08:13:46Z,,47fcc1d7e543e3cecfec6c02229bfeff0e0d1877,Gabriel MABILLE
queryWithAssistant,2026-01-19T15:33:24Z,,74a3d8b0d2ea91613c50295eb16c6f9b9e42dc4f,Ivana Huckova
liveAPIServer,2026-01-19T15:46:16Z,2026-05-14T12:37:47Z,6c5af22865c61511643773f286b6401207f2867e,Ryan McKinley
kubernetesAuthzTeamLBACRuleApi,2026-01-20T19:52:16Z,,179d5f605e889edae0d052c20b9d234a22ebb68a,Cory Forseth
kubernetesTeamBindings,2026-01-21T12:56:06Z,2026-05-12T17:23:16Z,ee08a5c6d4a0cec908c5c99a7371f4f588130bef,Mihai Doarna
dashboardValidatorApp,2026-01-22T13:27:53Z,,d3b98226a991fc1a2daf4a0213d8f2a2242f98b2,Alexa Vargas
queryEditorNext,2026-01-23T18:40:47Z,,65576a4036c32f6c3d7d49a9dc1c1817b715612d,Alex Spencer
alertingDisableDMAinUI,2026-01-27T08:05:22Z,2026-09-23T14:13:16Z,461c3f3f9fb67df6f1956e4d450dd16e4aa0c664,Sonia Aguilar
savedQueriesRBAC,2026-01-27T13:12:08Z,,a04a4f656e451428c324c19bad135d0b95e4ef90,Ezequiel Victorero
alertingMultiplePolicies,2026-01-28T17:23:06Z,2026-07-13T18:53:51Z,cbdedc73b800151aba447e732da2ae2c84390fe5,Matthew Jacobson
panelStyleActions,2026-02-03T18:57:19Z,2026-07-08T16:16:23Z,cf2481b1c52c0e0bcf8febebf4b4cb0d5eaf96ee,Adela Almasan
alertingMigrationWizardUI,2026-02-04T07:59:15Z,,d2b91f4832f164690cce335e1f9ad63ab0b9bf83,Sonia Aguilar
kubernetesTeamsHandlerRedirect,2026-02-04T21:19:51Z,2026-03-17T08:26:01Z,2afa39b5a0ee46c4482b568db3f7ed576145151f,Yudintsev George (Egor)
datasourceDisableIdApi,2026-02-05T10:05:28Z,2026-03-12T11:40:48Z,8eadb489061ec327cb527726930bd04282bc4d5c,Gábor Farkas
kubernetesAuthZResourcePermissionsRedirect,2026-02-05T14:36:14Z,,b792235274185899aceb0c2fb6e7c025bfb60355,mohammad-hamid
kubernetesAuthZRolesRedirect,2026-02-05T14:36:14Z,2026-03-16T22:53:59Z,b792235274185899aceb0c2fb6e7c025bfb60355,mohammad-hamid
teamHttpHeadersFromAppPlatform,2026-02-05T18:52:53Z,,0b5239dcb54228c7b4ff14e75411d8e29c95215e,Cory Forseth
excludeRedundantManagedPermissions,2026-02-09T09:47:55Z,,18f7d8d524392449b36a332fc81be762faf79146,Jo
vizPresets,2026-02-09T22:21:46Z,2026-07-10T19:18:06Z,eb3dc650fe020ca922d39a9a564e05cfe54da7e4,Adela Almasan
faroSessionReplay,2026-02-10T14:16:30Z,,3692e37ecda6026103b90e634ee89425f7b1ca03,Tobias Skarhed
secretsKeeperUI,2026-02-11T16:49:52Z,,d515014ae8bacd99c56c222d04d159d1128df44e,Eric Shields
datasourcesRerouteLegacyCRUDAPIs,2026-02-12T12:53:04Z,,d7b5508f282f0f948ac964e13fd5427d5b9a8dc0,Dafydd
kubernetesTeamSync,2026-02-12T14:24:32Z,,6af65eaf7c90333ca0dcd98e5bdb3bd3c2ca9b0a,Misi
alertingIgnorePendingForNoDataAndError,2026-02-12T16:55:33Z,,5bc6364ff6ba5048bb1279fe90043eb65c1044eb,Santiago
alertingSyncNotifiersApiMigration,2026-02-12T18:48:34Z,,5db39c9080ebb6244bb2fc96e42f7fec46594200,Rodrigo Vasconcelos de Barros
alertingNotificationHistoryRuleViewer,2026-02-13T09:28:45Z,,c8f7c434a1bf79f829c8ddb407b980d2dbb3cfa2,Steve Simpson
useNewAPIsForDatasourceCRUD,2026-02-13T09:38:27Z,,8459b77a11c118c642d5b9f4f975f80419a1a4a9,Dafydd
alertingNotificationHistoryGlobal,2026-02-13T19:30:50Z,,df822ffc3f907d5c464413e9642cfe1651f21ea1,Steve Simpson
reportingV2Layouts,2026-02-16T18:00:12Z,,b612853a19780faf07a711ba29b3acdc26b74964,Tobias Skarhed
alertingAlertsActivityBanner,2026-02-17T09:22:13Z,2026-08-05T12:38:49Z,fbb7ce75b8a0a3f4f917c6fd87f71c86eed409b2,Lauren
react19,2026-02-18T11:36:36Z,2026-09-23T14:51:40Z,c83ba68cd2c48825622ddf9f2595505cf8676486,Ashley Harrison
datasourcesApiServerEnableResourceEndpoint,2026-02-18T14:11:13Z,,e0b2ccb061edd01bbdb3f01703389847b3c6bb53,Tim Mulqueen
datasourcesApiServerEnableResourceEndpointFrontend,2026-02-19T09:52:43Z,2026-03-25T09:36:31Z,d96a9dc2cce8a3413165039058a4c83bf2f07c3c,Tim Mulqueen
dashboardFiltersOverview,2026-02-19T11:20:09Z,2026-07-07T08:50:38Z,e18dc68255a916c651ce9628741ec993150e7c72,Victor Marin
frontendServiceUseSettingsService,2026-02-19T12:47:33Z,2026-06-26T10:37:14Z,737235260f4de5be9bcd0c38e434a383b9d02fc8,Josh Hunt
kubernetesExternalGroupMappingsApi,2026-02-19T14:05:10Z,,48914febd95497e2c57a0ee32dfa6d7b657730e0,Misi
kubernetesExternalGroupMappingsRedirect,2026-02-19T14:05:10Z,,48914febd95497e2c57a0ee32dfa6d7b657730e0,Misi
dashboardTemplatesAssistantButton,2026-02-19T21:02:34Z,,2f23d98d2003502a3bd4af09a15dbd98a23b0cd6,Juan Cabanas
functionalSharedPreferences,2026-02-23T09:34:15Z,2026-04-10T08:50:53Z,da3e20ccac12f49f622672592a7c8118356c5ca5,Laura Fernández
provisioningFolderMetadata,2026-02-23T11:22:50Z,,92f9b5a74090271945a1f6b30732ea55c7fec138,Roberto Jiménez Sánchez
provisioningExport,2026-02-23T12:09:08Z,,5c73ec86756f540beb1a090dfb1f3ae739016678,Roberto Jiménez Sánchez
alertingTriageSavedSearches,2026-02-23T14:04:19Z,2026-04-02T20:20:21Z,649505693a1640879c56afd7a5b77511cc4f21b9,Deyan Halachliyski
managedPluginsV2,2026-02-25T13:44:47Z,,a2b2ba6278a6fc5c3604fb749d72452ab79d6c30,Will Browne
createdByMeSearchFilter,2026-02-25T14:38:00Z,2026-06-16T17:12:34Z,29e6c7a419ab6fadc0edeb0a993646a1da039d52,Yunwen Zheng
rememberUserOrgForSso,2026-02-25T19:54:46Z,,7e3ab4b1535abb459ac155ee88c37b19db891e53,John Troy
dsAbstractionApp,2026-02-25T20:53:26Z,2026-08-18T15:58:04Z,7072be8d45649094d04845e6be0db83e7923b5b4,Diego Giagio
kubernetesUsersApi,2026-02-26T14:54:47Z,,6d435245b5253dbadea627378ba992a4d57999b7,Misi
alertingRuleGroupSortByFolderFullpath,2026-02-27T16:29:46Z,,e2248ba8f4018611ae4a973d07d09a52d70648f0,Moustafa Baiou
analyticsFramework,2026-02-27T16:53:40Z,,06df5b6fd42174260701fde213c7d66640cf53c4,Laura Fernández
appPluginAPIServer,2026-03-02T08:08:52Z,2026-05-06T11:24:22Z,3203af91a203956bc7c52782435469c322d085c0,Andres Martinez Gotor
adHocFilterDefaultValues,2026-03-03T13:42:14Z,2026-07-07T08:50:38Z,6ea6d90819b756e567e50658828ac86706a41f99,Kristina Demeshchik
vizLegendSeriesLimit,2026-03-03T15:33:43Z,2026-03-30T21:06:04Z,02788cd9878e51abc078f7db55ea5bca76214963,Paul Marbach
dashboardSectionVariables,2026-03-03T21:54:44Z,2026-07-28T15:35:44Z,7b13fbeb638807981d29c15cf7575ec216b05241,Haris Rozajac
alertingAlertListPanelEnhancements,2026-03-05T16:00:11Z,,c16cd2280e52f5daef6036bbbb98ef69eed47e15,Rodrigo Vasconcelos de Barros
alertingNotificationHistoryTriage,2026-03-05T16:07:52Z,,f7df68f1a4188ebf656df158ac994b6bd332e37f,Sonia Aguilar
reportRenderBinding,2026-03-06T13:36:39Z,,4558d1ebf5da8ff3b55d4393572d9cb67ac89272,Tobias Skarhed
kubernetesAuthZRoleBindingsRedirect,2026-03-06T20:17:23Z,2026-03-16T22:53:59Z,ce7d398ca99fc6b0dc1b8ede3cffab9d7ef94471,Stephanie Hingtgen
nestedFramesFieldOverrides,2026-03-09T14:11:00Z,2026-07-07T19:56:08Z,06428c765c87e0a938cac5655d0fc3bd55cb7686,Paul Marbach
datasourcesApiServerEnableHealthEndpoint,2026-03-09T15:14:37Z,,3463d2976435bee2b3e1c4bd03867e8829f1f487,Gareth
kubernetesServiceAccountTokensApi,2026-03-09T16:53:04Z,,ebf818052eb9a083d4aa2b0766991714c3e5f473,Misi
kubernetesServiceAccountsApi,2026-03-09T16:53:04Z,,ebf818052eb9a083d4aa2b0766991714c3e5f473,Misi
kubernetesTeamsApi,2026-03-10T14:39:02Z,,beb32caa2c38221e61095eb59c4027f936cadaaa,Misi
flameGraphWithCallTree,2026-03-10T20:33:48Z,2026-09-09T17:14:44Z,a4e30cc22fdb94b5d9bf4f84d63f3fdd669ef531,Aleksandar Petrov
inlineLogDetailsNoScrolls,2026-03-11T11:18:41Z,,c801afbaab19f79d13fd92fbf6d6206d9d208f4f,Matias Chomicki
dashboardUnifiedDrilldownControls,2026-03-11T11:47:50Z,,bc7cc80a60dd8716b22bfb99bca2fde7d0ce3b5a,Kristina Demeshchik
datasourcesApiServerEnableHealthEndpointFrontend,2026-03-11T17:02:42Z,,e771d8211d165843cea1130f228417485755e45c,Gareth
colorblindThemes,2026-03-11T18:08:03Z,2026-06-08T16:10:42Z,9246fd10f5211c1d3d19b6de8740022c2ab52961,Ashley Harrison
sceneCsvExport,2026-03-12T10:37:12Z,2026-05-07T13:35:43Z,bdbaa0db31af559d420267dd1fe33c5a3b1e56e9,Sergej-Vlasov
datasourceLegacyIdApi,2026-03-12T11:40:48Z,,5745c0678cadf2154a57dcb532a01f6a581323bc,Gábor Farkas
vizLegendFacetedFilter,2026-03-12T14:57:58Z,2026-07-07T21:12:25Z,91a0b312edc0d8b5d746aa252d2ea6d2480e3d08,Dominik Prokop
advisorDatasourceIntegration,2026-03-12T15:27:11Z,2026-07-16T10:37:00Z,52e01b2519e40be3986309035a8f24ebe41de074,Andres Martinez Gotor
suggestedDashboardsAssistantButton,2026-03-12T16:18:10Z,,8ae909fa0ae51b309a53e9aea7c4a73f0bc0419b,Alexa Vargas
annotationsClustering,2026-03-12T23:05:24Z,2026-07-07T17:23:44Z,917eede0fd2d27989321f78cc73f91a6ce456cb4,Galen Kistler
alertEnrichmentPreview,2026-03-13T11:51:58Z,,d284ebb3464b18aaa97435b07d61d17204046900,Lauren
kubernetesTeamService,2026-03-13T13:39:53Z,2026-03-17T08:26:01Z,52795675f00395947f0ed255121358c69b70c63c,Mihai Doarna
kubernetesSsoSettingsApi,2026-03-16T13:57:57Z,,249fac8dbf944c3322c93bc602a9d87ecd905239,Misi
teamLBACApiReadFromAppPlatform,2026-03-16T18:46:43Z,,db2cc591008dbaf83f01dd555e16b58d79b24013,Cory Forseth
newSavedQueriesExperience,2026-03-16T19:48:14Z,,473f4f4b514b182c645c1978fc8511709375bec1,Collin Fingar
kubernetesAuthzRolesAndRoleBindingsRedirect,2026-03-16T22:53:59Z,,0123e9929d76489e93427a59c339bf470f98252b,Stephanie Hingtgen
kubernetesUsersRedirect,2026-03-17T08:01:03Z,,6776f6f132bcd2053c401dfc90699cb8b155cc2c,Mihai Doarna
kubernetesTeamsRedirect,2026-03-17T08:26:01Z,,a2d8b2f6d7ff07565c71177c1fd88b01dfad61f1,Mihai Doarna
dashboardAssistantPopover,2026-03-17T10:54:25Z,2026-07-24T14:12:22Z,2d15450263cb83fe895d253c668697aa1f417abb,Dominik Prokop
alertingNotificationHistoryDetail,2026-03-17T11:46:57Z,,c6208e5f02e88977bb08449214f62bb1219a1082,Steve Simpson
alertingPolicyRoutingSettings,2026-03-17T12:52:43Z,,49776efe9c8e12cb3793109b3b44afc69e94fe5a,Rodrigo Vasconcelos de Barros
createAlertRuleFromPanel,2026-03-17T15:05:13Z,,e45341bb275af8c32f631b13d88e455b9781e7ac,Lauren
elasticsearchESQLQuery,2026-03-17T18:35:52Z,2026-07-10T11:44:27Z,9b90334f5482796ba39be18d7d89fa15cbd05522,Cauê Marcondes
kubernetesAuthzDatasourceResourcePermissions,2026-03-18T08:10:43Z,,47c8a76f5a0e6c42f07e98ff61b610ef6f301608,Gabriel MABILLE
playlistsRBAC,2026-03-19T14:43:19Z,,a580bfc47093df7bf7190e2247ab91501fc5bf78,Collin Fingar
yAxisTickControl,2026-03-20T12:55:12Z,2026-07-14T18:10:55Z,c19e146a1e472f315e909b9d9930130b0cadc2da,Paul Marbach
rbacIAMClient,2026-03-20T19:55:14Z,2026-03-25T08:56:25Z,cab432297226d0338d6d040e258ff82563134c23,Yudintsev George (Egor)
logsTablePanelNG,2026-03-24T11:30:23Z,,2f87fffaf73534dda7e39f79c42758cfe3709806,Galen Kistler
reportingHeaderSettings,2026-03-25T08:17:41Z,,737d3d6c208569ac5d12cbf0299e8480ae5a4040,Matheus Macabu
useMTPluginSettings,2026-03-25T08:26:17Z,2026-05-08T08:32:12Z,1eb9412c8e8833f6afddbab8297335989517ed0d,Hugo Häggmark
datasourcesApiserverEnableResourceEndpointRedirect,2026-03-25T09:36:31Z,,e9a3b93b0aad1c8ece58827949fca8b0a65b3fd0,Tim Mulqueen
frontendServiceSSOAutoLogin,2026-03-25T13:32:26Z,2026-07-01T10:26:38Z,a45ef86a2d154a4c4566db4b24bcf3bd32d16f4c,Josh Hunt
lokiAlignedQuerySplitting,2026-03-26T10:03:21Z,,d6c64daa3ad235345ee1ade6873881e77a9d182c,Matias Chomicki
queryFetchConfigFromSettingsService,2026-03-26T10:45:16Z,2026-09-17T21:15:39Z,f173965c236f76267952b4ab19c1dc6852ac3314,Sofia Papagiannaki
splashScreen,2026-03-27T12:34:38Z,,ec86968b4c5e883207e2083cabe1f8a9b92978f3,Ihor Yeromin
streamingForwardTeamHeadersTempo,2026-03-27T21:50:04Z,,5ff77c7e373389d62288732dfd11d4f053e07209,Jocelyn Collado-Kuri
datasourcesQuerierRawOutput,2026-03-30T11:01:41Z,2026-04-29T08:31:18Z,1c16fe3ce747f61bb6bbaa5d9a2931d6614302b8,Gábor Farkas
queryServiceQueryCaching,2026-03-30T15:39:16Z,2026-04-20T10:01:26Z,1e44a73dca721a33010125ba1b5e1643944fc981,Dana Axinte
pieChartGradientColorScheme,2026-03-30T23:19:36Z,,194db12d9e9934189787a68bfe042ee1b403e47e,Fedir RYKHTIK
dashboardDefaultLayoutSelector,2026-03-31T13:22:48Z,2026-07-28T13:30:34Z,1f84aa0f0cdb857d0e19d9f4034a21e0549cd34a,Piotr Jamróz
newUnconfiguredPanel,2026-04-01T12:57:54Z,2026-06-24T14:58:38Z,aac487eea118cb55e1d78185cb4b9d3f6e7b7ebd,Collin Fingar
tracesDrilldownTimeSeeker,2026-04-01T14:24:07Z,,5f6d95965b2d89a86aaaac29e68097b0397e8ca9,Joey
sseExpressionErrorIsolation,2026-04-01T17:32:47Z,,42a3f3a19e2387dea638a0c3d51e6909aa6fd7a8,Nick Richmond
clearPreviousFieldValues,2026-04-01T19:31:28Z,2026-07-08T13:54:05Z,69e7a061be0aca85f52f62796e4fc5bb47f10ac7,Leon Sorokin
enableDatasourceMetaApiPluginLoading,2026-04-02T08:53:32Z,2026-04-24T05:01:22Z,a28a86e94ed740debd4e3d1568840ff72e7573b7,Marcus Andersson
enableColorblindSafePanelOptions,2026-04-02T20:44:40Z,,0f996814b7c70bb12d708ad4a165ef982d7fe5c5,Galen Kistler
reportingFooterSettings,2026-04-03T08:56:00Z,,f9d4f96685bacb660eb3e6d4c5a216715e3e37c8,Daniel Ken Lee
cacheConfigUnifiedStorageMigration,2026-04-06T14:26:50Z,,be3b909e4ac9078bc23f6329952ca4c809924cb9,Lucy Chen
groupToNestedTableV2,2026-04-07T14:03:08Z,2026-07-08T13:56:07Z,0d2d57dad7e04886695d0ce1199d7ac8d118b0b8,Paul Marbach
compiledBootScript,2026-04-08T12:35:11Z,2026-06-10T10:51:51Z,b70a86726000be48d6b6115107e2e1564cdb3fa5,Jack Westbrook
datasourcesApiServerEnableHealthEndpointRedirect,2026-04-09T13:41:22Z,,8d5ef5a345b7299fb77d53e5a28504a7d7877a83,Gareth
clickHouseConfigValidation,2026-04-09T17:36:17Z,,a5b0f7634330339497326232806923836dedef32,Alyssa Joyner
influxDBConfigValidation,2026-04-09T17:36:17Z,,a5b0f7634330339497326232806923836dedef32,Alyssa Joyner
grafana.newPreferencesPage,2026-04-10T08:50:53Z,2026-08-19T09:46:16Z,46ed0f821adb4f6d0ad1f3bd0607da11d83a5355,Josh Hunt
teamLBACApiWriteFromAppPlatform,2026-04-10T17:22:14Z,,ad46ff5505e53b8c713d29447b9556fcae9b46fe,Cory Forseth
querycaching.redirectToK8SApi,2026-04-10T19:01:15Z,2026-08-04T10:17:49Z,78574dd693b831af730655ab062725f4131b0eb1,Lucy Chen
zanzanaSearchUsersPermissions,2026-04-13T12:15:04Z,2026-04-20T13:41:27Z,9c3912927eca13d67c3e7037a516a46d1c5f7549,Georges Chaudy
querycaching.enableConnectionsClient,2026-04-13T16:20:53Z,,ff035b68b650985226b6b155cfe9548ad6b0bffe,Lucy Chen
datasources.chunkedQueryStreaming,2026-04-13T18:34:04Z,,51209bb610dbc33ea6e87fac5109e0ec75b0fdc1,Ryan McKinley
datasources.loadOpenAPI,2026-04-13T18:34:04Z,,51209bb610dbc33ea6e87fac5109e0ec75b0fdc1,Ryan McKinley
datasources.queryTypes,2026-04-13T18:34:04Z,,51209bb610dbc33ea6e87fac5109e0ec75b0fdc1,Ryan McKinley
profilesHeatmap,2026-04-16T12:45:20Z,,86795034298e96cc06ad8dffda25a871fee3e8a0,Christian Simon
onlyStoreServiceAccountActionSets,2026-04-16T18:00:59Z,2026-04-16T20:10:49Z,2ff52aa0c54a58189574384eb398c5e5b8c1cebd,linoman
datasource.useNewCRUDAPIs,2026-04-17T14:59:26Z,,2a197675f8f8cfaa310148b827064d3ff2af4dde,beejeebus
reporting.anyPageReporting,2026-04-20T07:21:21Z,,a82a24859c036217f3d1275882dd704d939b168e,Joe Blubaugh
querycaching.useInQueryService,2026-04-20T10:01:26Z,,75dc6c69d705a5cee42f668e95a8a59445bc9861,Dana Axinte
zanzanaMergeUserPermissions,2026-04-20T13:41:27Z,,0f75e1a9309038fd2875209dcebfe0cc66983a18,Georges Chaudy
frontendService.settingsSourceFilter,2026-04-21T07:22:38Z,2026-08-06T12:30:24Z,c16e7f0b26318f9264a9f0c046075829bf77da41,Josh Hunt
reporting.pdfTablesFrontend,2026-04-22T08:15:18Z,,ba8852f1f2770cfda48a93fbf7eb647e4f369f45,Matheus Macabu
alerting.rulesAPIV2,2026-04-23T09:33:00Z,,8545b209e0eb8373e51b7e7567a95232cf2378cc,Rodrigo Vasconcelos de Barros
grafana.assetSriChecks,2026-04-27T12:43:09Z,2026-09-14T12:15:11Z,7d6e08a6d547dc9a1b6a7af901af59f895980322,Jack Westbrook
assistant.frontend.tools.dashboardTemplates,2026-04-27T12:46:38Z,,f52702e589da90f579435988e825987d83f3067a,Matt Cowley
datasources.apiserver.useNewAPIsForDatasourceResources,2026-04-27T12:46:38Z,,f52702e589da90f579435988e825987d83f3067a,Matt Cowley
datasources.config.ui.useNewDatasourceCRUDAPIs,2026-04-27T12:46:38Z,,f52702e589da90f579435988e825987d83f3067a,Matt Cowley
grafana.correlationsSkipLegacy,2026-04-27T17:03:23Z,,40e11b341ff1693729e9f75f111451e8711a1137,Kristina
stateTimeline.nameAboveBars,2026-04-28T14:54:52Z,,0833b205c86ee6fa6963e2d3d5e80631f618b59c,Joe Blubaugh
queryEditorNextMultiSelect,2026-04-29T18:03:20Z,2026-06-09T18:06:00Z,26f844d82749910fcfff7db82b2500e6c42d2305,Ihor Yeromin
grafana.meticulousAIRecorder,2026-04-29T20:11:34Z,2026-06-26T13:37:34Z,117fe4efbd0bcb74f23e17cf3987ee3aba0af40d,Paul Marbach
datasources.useNewStackInfoToSettingsCache,2026-04-30T17:14:50Z,,c630edcd4c3e7d8846bb0771c28bf7be0b9e7e33,beejeebus
grafana.dedicatedGrafanaComProxyAPIToken,2026-05-05T13:55:22Z,,ccdf7327636bc8e08ca4b121863d21ac41df653a,Syerikjan Kh
grafana.orgDashboardTemplates,2026-05-05T15:11:34Z,2026-06-25T17:22:48Z,3e6d971caa870f93eec039698a00b452490442ef,Juan Cabanas
alerting.disableV0ReceiverConversion,2026-05-05T21:28:24Z,2026-05-13T14:07:39Z,eb69281eea3851d27768311f15ef82630ef35d9b,Yuri Tseretyan
grafana.scenesFlickeringFix,2026-05-06T09:21:29Z,,a00490b12f688d081d8445f0b97cd27fdec45122,Torkel Ödegaard
provisioningReadmes,2026-05-06T09:39:23Z,2026-05-08T12:52:21Z,bc3a89f93195d5fa86da34fc38a001be3125f75c,Roberto Jiménez Sánchez
grafana.unifiedHomepage,2026-05-06T11:06:24Z,2026-08-03T12:41:21Z,e29d6d844e2d07b01793bbad4fd0fb279426e634,Alex Khomenko
appplugins.handleProxyRequests,2026-05-06T11:24:22Z,,fd6a424d85add688e4860ac46de8ae6a7fb7a0b9,Ryan McKinley
appplugins.registerAPIServer,2026-05-06T11:24:22Z,,fd6a424d85add688e4860ac46de8ae6a7fb7a0b9,Ryan McKinley
preferences.rerouteLegacyAPIs,2026-05-06T11:32:34Z,2026-08-27T10:28:17Z,c0d15ef4aa14d68eea4b448aae4f7991fc394556,Josh Hunt
plugins.marketplaceLicensing,2026-05-07T13:59:31Z,,6a65524fb386c789e54ae8bf29b2a9da2c7930a9,Giuseppe Guerra
kubernetesAnnotationsClient,2026-05-07T15:12:21Z,2026-05-26T08:03:39Z,44816d2bde2295cf7c2318125e5f214d71d0146a,Victor Marin
plugins.useMTPluginSettings,2026-05-08T08:32:12Z,,b5ade5344358793849ac8f7d3f7c6dc4d9d983c4,Hugo Häggmark
plugins.useMTPlugins,2026-05-08T08:32:12Z,,b5ade5344358793849ac8f7d3f7c6dc4d9d983c4,Hugo Häggmark
pyroscopeUTF8LabelNames,2026-05-08T08:47:24Z,,b2928c5c1992c3da92d9eff15c934cba5afba80e,Christian Simon
provisioning.readmes,2026-05-08T12:52:21Z,,87d099e837235bd143d102a9d92e6013a1c67507,Alex Khomenko
alerting.syncExternalAlertmanager,2026-05-12T08:17:08Z,,5c0623924e42fcee221e456e90dfe0194347888d,Tito Lins
alerting.notificationsAPIV1Beta1,2026-05-12T20:06:31Z,,59100621ca78354dae02d6e7263121f61def0ed5,Rodrigo Vasconcelos de Barros
grafana.enableScopesFirstMode,2026-05-13T09:12:08Z,,0dd36d1cd99679a6e1440fc6c9e6d4b931d7c012,Eric Shields
kubernetesAuthzServiceAccountResourcePermissions,2026-05-13T15:31:21Z,,13ff461528e39cc75d32d14d5e74a6ef18445bf7,linoman
live.keepHAPrefixInCloud,2026-05-14T12:37:47Z,,7ba3ef105699f83f0c175c01cde9bad9ad44b1a3,Ryan McKinley
live.runAPIServer,2026-05-14T12:37:47Z,,7ba3ef105699f83f0c175c01cde9bad9ad44b1a3,Ryan McKinley
sqlExpressionsCodeMirror,2026-05-14T13:29:34Z,,d0ee5744217db6ffe374530058d156b913db1fa2,Sean Griffin
grafana.meticulousAIRecorderHighVolume,2026-05-15T10:57:59Z,2026-06-26T13:37:34Z,0f327cddc5d487014dce62589a77fb912304d70b,Paul Marbach
globalDashboardVariables,2026-05-15T14:04:34Z,,eda920b8f54cb58253faea964405db30e8be5f3b,Haris Rozajac
grafana.logLevelInference,2026-05-15T16:21:37Z,,313ef7952b880e271ddb8c90b23d02d0cd31f358,Matias Chomicki
frontendService.reducedBootDataAPI,2026-05-21T08:53:25Z,,5cb78f7436166389fc51165eaf6bf52e63f8b146,Josh Hunt
kubernetesFolderCascadeDelete,2026-05-21T11:12:26Z,,c13a0005b5046711bb29ccfe2724062e83e3e191,maicon
grafana.meticulousAIMode,2026-05-21T18:23:23Z,,b1e48e0996b07fdd1840515a4fb9c7a34abdd41d,Paul Marbach
grafana.kubernetesAnnotationsClient,2026-05-26T08:03:39Z,,4219853d239a5dd36ab1c076fedf29ca746febfe,Victor Marin
plugins.initDataSourcesAsync,2026-05-27T09:11:55Z,,c01dfade64c3fb4bf6e2b40956650fb13897da12,Marcus Andersson
grafana.panelEditNextFeedbackEvent,2026-05-28T18:04:20Z,,d12f8ac204c3de10bfd8d18016241137fa8e213e,Matt Cowley
queryHistory.localOnly,2026-05-29T14:58:02Z,,a4886510c38661d6c179a8f424943e6e2c12fb34,Nic Westvold
queryHistory.recentQueriesUI,2026-05-29T14:58:02Z,,a4886510c38661d6c179a8f424943e6e2c12fb34,Nic Westvold
provisioning.gitConventions,2026-06-09T06:37:58Z,,0dfdd30ca9d366e9ed0487ff6cf5d08796375f15,Roberto Jiménez Sánchez
dashboardNotebookLayout,2026-06-10T14:03:41Z,2026-07-09T13:38:44Z,8a06f4af031ee5c8ad9ecec40c7e887b5f7ab806,Alexa Vargas
canvasExternalPlugin,2026-06-11T13:57:38Z,2026-08-20T15:16:56Z,ef2917216ffd343cb3b6eff2fcc24ce521e48d47,Jesse David Peterson
grafana.visualDesignRefresh,2026-06-12T11:11:47Z,,b4ec4abf72143656b061ca9a3783998fdc725f07,Ashley Harrison
grafana.viewPanelPane,2026-06-17T14:59:37Z,,4dd54ca7568655e91643d010496f5d145389c9c1,Torkel Ödegaard
dashboard.vectorSearch,2026-06-17T16:05:34Z,,986f20d07e103c8b04b102f7c75cd131295d330c,owensmallwood
grafana.newPanelQueryErrorsUI,2026-06-19T08:30:47Z,,3dd5247fcb08fd2a01be4fb570e7a856387c9a93,Victor Marin
splunk.useLegacyResultsApi,2026-06-19T11:22:59Z,,73b3ee4e31df9a6fe838fb31fb3fe84f2c25ae00,Gareth
table.protoRowParser,2026-06-22T16:00:16Z,2026-08-11T22:49:16Z,1dcb8b0accdb27a9c853b5f3b54b36f76aaf78ca,Paul Marbach
dataviz.experimentalColorSchemes,2026-06-23T19:36:20Z,,24fbab5376c4f75ee47cce64b5a64677c54f5f01,Galen Kistler
grafana.starredFolders,2026-06-24T07:52:23Z,,308ed527e651d314a88eb0e232b4e39712e26bcb,Alex Khomenko
grafana.customDashboardTemplates,2026-06-24T18:36:50Z,,152914332437d666d45ff8c9bf5b340b44f66cc3,Juan Cabanas
grafana.customizableMegaMenu,2026-06-25T12:49:35Z,,8a3435c121f889842aa671bc6fcd66c1f472c610,Tom Ratcliffe
table.refactorNested,2026-06-29T13:18:58Z,2026-08-11T22:26:14Z,f2169833a6d44cde0f1e7a022c1dfc2ed5f64c97,Paul Marbach
externalSnapshotsK8SAPIPush,2026-06-29T13:23:17Z,,b31d703cb9d27a631ea3b21fb86daa631bcd9114,Ezequiel Victorero
externalSnapshotsSupportLegacyAPI,2026-06-29T13:23:17Z,,b31d703cb9d27a631ea3b21fb86daa631bcd9114,Ezequiel Victorero
auth.tokenRotationGracePeriod,2026-06-30T11:48:29Z,,e26e232e21efd94a485797799d6961ecb9f32115,xavi
iam.onlyStoreDatasourceActionSets,2026-06-30T14:16:36Z,,602b70c052c18e86c83b459cd9b4447113d720e4,Gabriel MABILLE
grafana.secretsReferenceValueUI,2026-07-01T01:41:34Z,,232327d55ab81ed9bb428656a3dd652c9c7b7440,Eric Shields
grafana.vectorSearchCmdk,2026-07-01T12:42:40Z,,8fd137aa9d6906d15bd8f2ac7fdfa94c38b7bd5a,Andrej Ocenas
heatmapNegativeLogBuckets,2026-07-01T13:38:27Z,,471dfda8ad95c95e6ac56f64ef6c40ae33c47682,Gergely Madarász
cujTracking,2026-07-01T14:26:10Z,,8f07d59726c089ee29877d2e4f31b39363ddbfde,Dominik Prokop
kubernetesReporting,2026-07-02T13:24:38Z,,560cf0224c3fc6fe046876b0add199932c9a9ebe,Lucy Chen
grafana.growthHomepage,2026-07-02T15:20:33Z,,cc510d8bc233fa9c86501bdb9896fccab64de766,Matt Cowley
grafana.dashboardSettingsRedesign,2026-07-03T08:21:52Z,,c00083433312adb7b7cfef83f74751e1216f67f8,Ida Štambuk
grafana.useDefaultScopesEndpoint,2026-07-03T14:35:58Z,,ed9dd41c564b0177e6d08841fc4855b6488597c0,Tobias Skarhed
grafana.onDemandDiagnostics,2026-07-03T16:21:10Z,,c74d55f533ec51c3bd43b63095b5c71d9b348e99,Fabrizio
grafana.frontendLegacyAPIHandling,2026-07-08T09:41:08Z,,2fc743f1627d022849e0ad4809bb5c44532481ce,Josh Hunt
dashboard.notebooks,2026-07-09T13:38:44Z,,aba9d540bcdafd86dfb8e945b8084e5b37620164,Alexa Vargas
provisioning.userAttribution,2026-07-10T09:02:18Z,,c06a1a017a5d844904513166700d3ff719b7e0ed,Alejandro
grafana.ssoSettingsToMTSettings,2026-07-13T09:18:35Z,,886f6bc4d3124e5ee0f411aad6dea29f18755f0d,linoman
grafana.queryVarEditorRedesign,2026-07-13T12:52:09Z,,01d3bfd9aaaab32f90e41962748fbcf6b292fc31,Marc M.
connectionsFilterSidebar,2026-07-14T11:58:35Z,,dbe657ed52b0d4fc799a7e343a68df6780eeea1f,Yulia Shanyrova
alerting.ruleQuality,2026-07-14T12:42:32Z,,ed0863d9b3700bfe5e0f412c9079b52e270be566,Konstantin
deletedFolderResourceCleanup,2026-07-14T13:31:41Z,,730f10a07d64f6d57efd0147553b617489e6d054,maicon
grafana.savedQueriesPage,2026-07-15T11:52:46Z,,8544d8c7bb3572fe93d1789596e6c9c4fa5c73b8,Juan Cabanas
awsAssumeRolePerDatasourceExternalId,2026-07-15T15:32:33Z,,da65b80a33ef55560c905d235d088aced31b6de0,Isabella Siu
grafana.multiTenantNavTree,2026-07-15T15:43:42Z,,8fd5daf9d5711e52def15461e92a4a28d473c258,Tom Ratcliffe
assistant.fullscreenWorkspace,2026-07-16T10:13:54Z,,fb22413220ca7fad4b35fab878e0cd0cb390c136,Dominik Broj
provisioning.performance,2026-07-16T14:10:35Z,,8b69a522ed234f3eec8d7e76ed2333960f5967d8,Mustafa Sencer Özcan
features.bulkFlagEvalFiltering,2026-07-17T14:01:17Z,,8c55950f4de41b201087747880df3d1f4ccbc831,Tania
dashboards.filterablePanels,2026-07-20T08:32:37Z,2026-07-22T10:18:42Z,5f970e98f2cbf446e7d3240535c8e4fc14acd237,Victor Marin
grafana.exploreMetricsSidebar,2026-07-20T15:12:58Z,,3a222ec17588053fc7baf73742e027c94c1d9439,Ihor Yeromin
grafana.newTextPanel,2026-07-20T21:57:11Z,,ca001f6023b1d05009911b080b8ed0969e38090b,Adela Almasan
grafana.filterablePanels,2026-07-21T15:31:42Z,,55e044bf7d818ea032a0f0d8537b83128fc6495a,Victor Marin
libraryelements.kubernetesLibraryPanels,2026-07-24T08:56:31Z,,7d711f8f01ea57968c510a37b6a0246ad23e6b8d,Denis Vodopianov
azureMonitorBatchAPI,2026-07-24T13:56:43Z,2026-08-12T15:07:16Z,bf4d3c600a694a32fedd30af57f7edc734ec8f0b,Andrew Hackmann
grafana.dynamicTraceToLogs,2026-07-24T14:05:58Z,,d00f636cd7e965628833454789859b8dcc1804c1,Matias Chomicki
reporting.redirectReportsToK8SApi,2026-07-28T05:41:55Z,,6cb01650cb22155f50ddda8bf58ef97e2d28ff43,Lucy Chen
grafana.thresholdsInterpolation,2026-07-28T12:16:44Z,,106b27e6e855a6e7715054e155eaed7aed5ab936,Victor Marin
authz.listFoldersViaSearch,2026-07-28T14:16:08Z,,d46296b509f953b6537eaaf2002011cce42c5e82,maicon
libraryElements.folderTreeViaSearch,2026-07-28T14:16:08Z,,d46296b509f953b6537eaaf2002011cce42c5e82,maicon
alerting.manualAssistantInvestigation,2026-07-28T15:01:18Z,,0bc2cfbcd6976629fc069b0734f008ca6d8d1f9e,Lauren
table.autoColumnWidths,2026-07-29T15:28:46Z,,1d8255158dfeb7e12d37ff9c6e5a3f825d92f4d9,Paul Marbach
table.paginationPageSize,2026-07-30T21:52:44Z,,6436dc5959e4a8c93d90e5b4b4f17630158703e4,Paul Marbach
alerting.stateManagerRequireWarm,2026-08-04T13:22:20Z,,3927e450919979113256fc452d39ca7c22d5e07f,Yuri Tseretyan
grafana.dashboardGlobalVariables,2026-08-05T08:40:28Z,,45e9833dd4fe5dcdb7f585219e1b273631bfba69,Haris Rozajac
assistant.dashboardPlanning,2026-08-05T14:53:48Z,,b28f4438fc5b1db01bd794466dfd956198b46588,Oscar Kilhed
paneledit.buttonLabels,2026-08-05T16:33:44Z,,9031842862d32ff79cf96082b5244bd6cacaeca6,Nick Richmond
disableScriptedDashboards,2026-08-05T18:55:44Z,,15daf300b68857b7d9cdee12326ed67b6102dc6f,Kristina Demeshchik
datetime.useLuxon,2026-08-05T19:17:22Z,,47fb2de3372680d4cb9282cdf189392e156f3ed6,Leon Sorokin
grafana.ofrepRootUrl,2026-08-07T10:58:18Z,,1f38bd50cdfc2740a31cf1a38fcd39b359a7a098,Tania
grafana.rspackBuild,2026-08-10T08:36:48Z,,713ab01c34874914cc839838216c5cfc5b4d43bb,Jack Westbrook
pluginsForceTls13,2026-08-10T14:20:26Z,,ad3f3a71222f8b0b3a38ae0bf11c0be74ca7be6a,Andreas Christou
grafana.unifiedDataSourcePicker,2026-08-11T09:43:42Z,,248a819637653350e1102701abdf083a26291cf2,Josh Hunt
grafana.pluginPathNesting,2026-08-12T08:12:16Z,,20155a5c0cee8f0b69c29315ab2c5d71347015bf,Tom Ratcliffe
snapshots.kubernetesSnapshots,2026-08-12T12:07:15Z,,7c4914a9f81f538449879a97492a4930f48a7534,Denis Vodopianov
text.newFeatures,2026-08-12T12:33:51Z,,800126fae5548d24e84cb3a89be647ea7580397f,Adela Almasan
datasources.azureMonitorBatchAPI,2026-08-12T15:07:16Z,,623e5b483aacaa0222915070789aa1a1bc3016a7,Alyssa Joyner
table.inspectDataTableNG,2026-08-12T18:20:19Z,,1d09a6908e8b68e4d0c7573330d06e2abf47d1de,Paul Marbach
kubernetesUsersRedirectNoFallback,2026-08-13T06:48:19Z,,9cb8ff279f562ef48bf18b0de3ae198c666fa95c,Mihai Doarna
libraryElementFolderUIDRepair,2026-08-13T11:19:56Z,,687771ad91a98950f876864e3e90b8a3a69d00b8,maicon
flameGraph.tableNg,2026-08-13T19:21:31Z,,557b577a8181f1a8f16d0e67bb0143ef5e82c2af,Paul Marbach
rawPrometheus.tableNg,2026-08-13T20:46:09Z,,10b2a7fddba71cf5ef803ed853a7a8db7dc1f4b9,Paul Marbach
datasources.queryGateway,2026-08-14T16:00:15Z,,cdb406d2929406a0fdd4f86164e4f3420221b7b7,Andreas Christou
tracesDrilldown.useValueTypeFiltering,2026-08-18T08:50:06Z,2026-08-26T11:21:34Z,3c90ee94d23656e3d2f0fbcf9e2269aa1a1d91d4,Hugo Häggmark
table.refresh,2026-08-18T17:28:38Z,,e7cab7fb28ee9331aee8ee200163992caf10dc72,Paul Marbach
grafana.panelPluginTransformations,2026-08-18T18:56:48Z,,822e0530c54f0d61580c5b0cc3e5ccc1722ddb1b,Galen Kistler
appplugins.loadAppManifest,2026-08-19T07:34:35Z,,6a7037975c51f06c067ef88a6be5e5da02622246,Ryan McKinley
grafana.dashboardsAutoHeightPanels,2026-08-19T13:59:18Z,,aa11cfbf1e3b866ef159bf77bd21b1374e0b3d53,Bogdan Matei
reportRenderQueryDebounce,2026-08-19T20:12:13Z,2026-09-16T09:00:03Z,06ffc35689879606e693afc7d66371b9ce7d42da,Michael Mandrus
grafana.cmdkHybridSearch,2026-08-20T12:34:45Z,,c72534661fb8b5ad257a25f5c70a87a41d24a5ec,Andrej Ocenas
kubernetesAuthInfoApi,2026-08-20T16:23:46Z,,198cce5201b172bffb2983dfdd2bbccde8527895,Mihai Doarna
kubernetesAuthInfoRedirect,2026-08-20T16:23:46Z,,198cce5201b172bffb2983dfdd2bbccde8527895,Mihai Doarna
authz.userPermissions,2026-08-20T18:39:56Z,,b2f1faeabd263366547f74114d7c24fb7d6bff7d,Mihai Turdean
teamHttpHeadersFromAppPlatformMT,2026-08-24T20:50:40Z,2026-09-02T23:10:00Z,dcc4743d8fc9aa9b8fc00ded713222a90dab072b,Cory Forseth
teamHttpHeadersFromAppPlatformST,2026-08-24T20:50:40Z,2026-09-02T23:10:00Z,dcc4743d8fc9aa9b8fc00ded713222a90dab072b,Cory Forseth
grafana.dashboardAutoGridDefault,2026-08-25T11:42:45Z,,cafc418fcbf426ece8441486945430972d33a620,Bogdan Matei
dashboard.recentlyDeletedViaTrash,2026-08-26T10:13:23Z,,c8e14742c7f2176bb22e5e9035fdd327457f5c54,Peter Štibraný
queryeditor.coauthoringUi,2026-08-27T18:17:14Z,,6c28a4dc53c4540aaca720c2e405892534fae89b,Nick Richmond
datasources.teamHttpHeadersFromAppPlatformMT,2026-09-02T23:10:00Z,,6c5822ce08757c5c6312ca5e1d867b01215ff365,Cory Forseth
datasources.teamHttpHeadersFromAppPlatformST,2026-09-02T23:10:00Z,,6c5822ce08757c5c6312ca5e1d867b01215ff365,Cory Forseth
grafana.multiTenantUserPermissions,2026-09-07T20:05:52Z,,e7cd4e6259fbd97b5288f40f70e36aefee6b01d9,Tom Ratcliffe
reporting.redirectReportSettingsToK8SApi,2026-09-08T12:58:53Z,,c68591e1f2e624a31347595495312c9f4d7079ed,Lucy Chen
datasources.querier.newName,2026-09-09T08:20:47Z,,4ea3d4f24c5803e8460f1c75967b5595bd272c73,Gábor Farkas
dashboard.searchFieldValueResults,2026-09-09T15:06:41Z,2026-09-30T14:19:24Z,21b0985abb3f1a8614e379556f28e46a59e5742e,Peter Štibraný
dashboard.apiSearchFieldValueResults,2026-09-10T10:36:51Z,2026-09-30T14:19:24Z,04560d780c6e2607cfacbe01d22522d90dcc6bd5,Peter Štibraný
datasources.gatewayGuardrails,2026-09-10T12:05:34Z,,38335642736a8264098ac730d24d47a20beb27ac,Andreas Christou
saml.gosaml2Provider,2026-09-10T13:46:29Z,,e7be934910ec0222be5a6d7a9dbb5f2d74ac42b1,Jo
search.apiFieldValueResults,2026-09-10T15:24:55Z,2026-09-30T14:19:24Z,6cab1a8d6bc94735316f4e6b65bf580327ec6ac6,Peter Štibraný
grafana.useRouterMiddleware,2026-09-10T19:45:13Z,,7c885e7b390c3fb21816d8c35d0be936dd1bc999,Ryan McKinley
kubernetesFolderCountsLegacyStorage,2026-09-11T15:39:49Z,,9f75e3ffa85f6d77fbe364c1f446493f11a62c7e,maicon
alerting.folderHasRulesLabel,2026-09-11T19:44:04Z,,a398de059865214630cab7f47198df652c698287,Khalil Haji
alerting.ruleStatusSync,2026-09-11T20:29:50Z,,e5b8e1b309e94e887a9f7e9e9fd0ba2f3d009018,Khalil Haji
table.refreshNewFeatures,2026-09-14T15:30:22Z,,3348b42a588c1f046d2901bfb0d25300dadf0491,Paul Marbach
datasourcesApiServerEnableProxyEndpoint,2026-09-15T07:56:58Z,,707430d6e7e11753df85f7c202ae9668825ff345,Tim Mulqueen
grafana.pluginExtensionReactElementProps,2026-09-15T14:07:35Z,,1a3b954547b13ed5a87799f0001669c57ef690b6,Alex Khomenko
grafana.logDetailsDisplayedFieldControls,2026-09-16T08:46:56Z,,09d00ada7e641a6d8751a863bbfc50237601ce1a,Matias Chomicki
unifiedStorageClient.requireCallerIdentity,2026-09-16T09:56:21Z,,08a8f8d022a5f71c582472f51fa5be39e725cccb,Costa Alexoglou
grafana.mtFallback,2026-09-16T10:52:51Z,,6c8d52ca85580aabfbdfea6291bec6445c33af82,Laura Fernández
grafana.frontendLegacyFeatureToggleHandling,2026-09-16T11:45:52Z,,a89e40005f118d6288611b33f6073f7f316c5f7c,Tom Ratcliffe
features.legacyOverrideLookupBypass,2026-09-16T13:53:07Z,,02fa713b237b047bc7608364daca2c84561549d6,Tania
appplugins.loadAppManifestAndKeepSettings,2026-09-17T09:00:35Z,,d3881aa4378d07253555ed9cd1e65f5a984669eb,Ryan McKinley
reporting.legacyServiceUsesK8SClient,2026-09-17T15:45:51Z,,5ecfe20af028bc7594e3251a158e9cfd5e0833c2,Matheus Macabu
alerting.dataSourceManagedRouteProxy,2026-09-18T11:05:55Z,,4d2e32f18d80d33984aec22716135e288b5fe714,Gilles De Mey
grafana.savedQueriesSearch,2026-09-25T16:27:29Z,,f462228a370ce1afc6a5afbbee60da13113e16a2,Misi
unifiedStorageClient.onBehalfOf,2026-09-28T19:42:19Z,,1c49d2a4009967c0fa06d0470572d402b7be9728,Costa Alexoglou
datasources.queryGatewaySlimAudit,2026-10-01T14:36:39Z,,4fe85bbdf52fc15b8fc11ec0516e9071d084cd59,Timur Olzhabayev
dataviz.tabularNums,2026-10-02T15:19:46Z,,21a5955a975f9956f127d6a7ca6524744c16bb8f,Josh Hunt
datasources.teamHttpHeadersWriteGuard,2026-10-05T17:40:19Z,,ba34d6cf3a330b84af6ba2fcce05fa278ffbdd16,Cory Forseth
kubernetesUsersDeterministicUID,2026-10-06T14:17:00Z,,b2a775a893e2fa06fb3dba42acebd704ad99b1c9,Mihai Doarna
alerting.hybridSearch,2026-10-06T15:41:07Z,,1794c06d81eef09cd9b7777221cadbdfb7c266b4,owensmallwood
grafana.scopesDashboardsMegaMenu,2026-10-07T13:59:00Z,,52aee4ec4be2862725cf6379905e8ae6b29c6a9e,Tobias Skarhed
grafana.globalHomePreference,2026-10-07T14:12:16Z,,04def2adc4effffc82bcc3fe98679542bff0efbb,Alex Khomenko
datasources.apiServerConnectToHostedGrafanaDatabases,2026-10-07T22:07:12Z,,69283413f9b8f66ec289f5055b37da49ee857035,Justin Randell
