{
  "took": 10,
  "responses": [
    {
      "took": 9,
      "timed_out": false,
      "_shards": {
        "total": 1,
        "successful": 1,
        "skipped": 0,
        "failed": 0
      },
      "hits": {
        "total": {
          "value": 142,
          "relation": "eq"
        },
        "max_score": null,
        "hits": []
      },
      "aggregations": {
        "2": {
          "buckets": [
            {
              "key_as_string": "1679061180123",
              "key": 1679061180123,
              "doc_count": 12,
              "1": {
                "top": [
                  {
                    "sort": [
                      97.16779327392578
                    ],
                    "metrics": {
                      "float": 97.16779327392578
                    }
                  }
                ]
              }
            },
            {
              "key_as_string": "1679061240123",
              "key": 1679061240123,
              "doc_count": 66,
              "1": {
                "top": [
                  {
                    "sort": [
                      99.32247161865234
                    ],
                    "metrics": {
                      "float": 99.32247161865234
                    }
                  }
                ]
              }
            },
            {
              "key_as_string": "1679061300123",
              "key": 1679061300123,
              "doc_count": 64,
              "1": {
                "top": [
                  {
                    "sort": [
                      98.62533569335938
                    ],
                    "metrics": {
                      "float": 98.62533569335938
                    }
                  }
                ]
              }
            }
          ]
        }
      },
      "status": 200
    }
  ]
}
